sample_id,AC012645.3_T,AC017002.1_T,AC021188.1_T,AC023157.3_T,AC048341.1_T,AC243829.4_T,ADAM28_T,AL139274.2_T,AL512625.1_T,AL627171.1_T,ALOX5_T,ALOX5AP_T,AMT_T,ANKRD28_T,ANKS1B_T,ANTXR2_T,AREG_T,ARID5B_T,ARMH1_T,ARRDC3_T,ATF3_T,ATP1B1_T,AZGP1_T,BCL2L11_T,BHLHE40_T,BTG2_T,C1orf54_T,C1QA_T,C1QB_T,CAPG_T,CARMIL3_T,CBLB_T,CCDC112_T,CCND2_T,CCNH_T,CD160_T,CD38_T,CD55_T,CD79A_T,CEBPD_T,CEMIP2_T,CH25H_T,CHST12_T,CISH_T,CLNK_T,COL5A2_T,COL8A1_T,CPT1B_T,CRTAM_T,CRYBG1_T,CSF1_T,CTLA4_T,CXCR4_T,CXCR5_T,CYTOR_T,DDIT4_T,DNAJB1_T,DTHD1_T,DUSP1_T,EMILIN1_T,ENTPD1_T,ERN1_T,EZH1_T,FASLG_T,FCRL3_T,FXYD2_T,GABPB1-AS1_T,GIMAP4_T,GLIPR1_T,GPR25_T,HAGHL_T,HECTD2_T,HIST1H1D_T,HLA-B_T,HMOX1_T,HNRNPLL_T,HSPA1A_T,HSPA1B_T,HSPA6_T,HSPH1_T,ICAM1_T,IER2_T,IER5_T,IER5L_T,IL2RB_T,IL6ST_T,IL9R_T,ILDR2_T,IRF1_T,IRF4_T,IRF8_T,ITGB8_T,JUNB_T,KBTBD6_T,KDM7A_T,KLF10_T,KPNA5_T,KRT15_T,KRT7_T,KRT86_T,LINC01943_T,LYST_T,LYZ_T,MACF1_T,MAN1C1_T,MAN2A1_T,MARCH9_T,METRNL_T,MGLL_T,MIR4435-2HG_T,MS4A6A_T,MT1E_T,MT2A_T,MTHFD2_T,MTURN_T,MTX3_T,MYB_T,NABP1_T,NFKBIA_T,NOL3_T,NR4A2_T,OASL_T,PARP8_T,PDCD1_T,PDE1B_T,PELI1_T,PILRB_T,PLAC8_T,PMAIP1_T,PMEPA1_T,PPP1R14B_T,PRDM1_T,PTGDS_T,PTGER4_T,QSER1_T,RAB38_T,RALGAPA2_T,RASGEF1B_T,RDH10_T,RGS1_T,RGS16_T,RGS18_T,RNPC3_T,S100B_T,SAT1_T,SELL_T,SGK1_T,SLC16A1-AS1_T,SLFN12L_T,SPON2_T,SYNGAP1-AS1_T,SYNJ2BP_T,SYTL3_T,TACSTD2_T,TAGAP_T,TEX22_T,TGIF1_T,THUMPD3-AS1_T,TIMP1_T,TMEM176A_T,TNF_T,TNFSF14_T,TOX_T,TSC22D2_T,TSC22D3_T,TSPYL2_T,TXNIP_T,XBP1_T,ZFP36_T,ZFP36L1_T,ZFP36L2_T,ZNF507_T,ZNF600_T,ZNF683_T,AC093690.1_T,GHRLOS_T,IGLV3-10_T,AL603756.1_T,DAPL1_T,PARD6G-AS1_T,AC002467.1_M,AC005224.3_M,AC009237.14_M,AC016596.1_M,AC093297.2_M,ACRBP_M,ACSL1_M,ADPGK_M,AGAP4_M,AIMP1_M,AKIRIN1_M,AL138724.1_M,AL157392.5_M,ALDH18A1_M,ALOX15B_M,ANKLE2_M,ANTXR1_M,AP2B1_M,APOL1_M,ARHGAP5_M,ARMC1_M,ATP1B3_M,ATP5F1C_M,ATP9B_M,ATXN7L2_M,BCL6_M,BRD3OS_M,C6orf62_M,CASTOR1_M,CBX6_M,CCL8_M,CD163L1_M,CD40_M,CDC42EP3_M,CEP68_M,CFLAR-AS1_M,CH25H_M,CLDN23_M,CLIC4_M,CPED1_M,CRK_M,CUL5_M,CYBC1_M,DERL1_M,DNAJC5_M,DST_M,DTWD1_M,DUSP6_M,EFR3A_M,EI24_M,EMC7_M,ETS2_M,FAM13B_M,FAM172A_M,FAM19A2_M,FAM214A_M,FAM72A_M,FANCA_M,FARP1_M,FKBP5_M,GCNT1_M,GLUL_M,GPR183_M,GRASP_M,HADHA_M,HARS2_M,HAUS1_M,HCAR2_M,HDHD3_M,HERPUD1_M,HSPA1A_M,IFNGR1_M,IGLC3_M,IRGQ_M,IRS2_M,ITPKC_M,JDP2_M,KCTD7_M,KLF9_M,KRT10_M,LINC00467_M,LINC02265_M,LMNB1_M,LPCAT3_M,LSM14B_M,LST1_M,LYRM2_M,MAFG_M,MAP3K10_M,MAP3K8_M,MDP1_M,MFHAS1_M,MFSD10_M,MGAT4B_M,MIATNB_M,MICU1_M,MIER3_M,MRPL21_M,MSL1_M,MT2A_M,MYC_M,MYO5A_M,NAA60_M,NEU3_M,NLRP3_M,NOP10_M,NRM_M,NUDT16_M,ODR4_M,PAGR1_M,PAPSS2_M,PARL_M,PCNX1_M,PDK4_M,PER1_M,PI4K2A_M,PIGH_M,PIGT_M,PLEKHA7_M,PMEPA1_M,PNRC2_M,POLH_M,PPP4R3B_M,PRAM1_M,PRRC2B_M,PSTPIP2_M,PTPRM_M,PTS_M,QARS_M,RAB20_M,RAB9A_M,RBM33_M,RCAN1_M,RDX_M,REL_M,RGS1_M,RGS12_M,RHOB_M,RHOH_M,RNF11_M,RNF144B_M,RPP14_M,RXRA_M,SAMSN1_M,SAP30_M,SASH1_M,SBF1_M,SFR1_M,SH3BGRL_M,SH3TC1_M,SHARPIN_M,SIAH2_M,SLA_M,SLC19A2_M,SLC1A3_M,SLC25A44_M,SMARCAD1_M,SMCR8_M,SMIM3_M,SMS_M,SNHG12_M,SRI_M,SSFA2_M,SSR3_M,ST3GAL6_M,SYNGR3_M,TAPBPL_M,TET2_M,TEX261_M,TMCC3_M,TNFAIP3_M,TOR2A_M,TP53INP1_M,TRIM47_M,TRMT112_M,TSC22D1_M,TSC22D3_M,TSIX_M,TSPAN14_M,TSPYL1_M,UBE2I_M,UBE3B_M,VAPB_M,VASH1_M,VEGFA_M,VSIG4_M,WWC2_M,ZBTB7B_M,ZC3HAV1_M,ZFAND5_M,ZFP36L1_M,ZNF331_M,ZNF503_M,ZNF510_M,AATBC_M,AC018529.2_M,SLC6A12_M,MPO_M,treatment,patient_id
BIOKEY_10_Pre,24.46821,209.30963,0.0,38.163456,0.0,287.63654,97.84007,22.649132,0.0,32.58298,0.0,3426.3948,0.0,581.49133,78.496994,20.76992,66.40001,466.69714,647.17554,37.758286,131.24062,207.34923,316.25266,378.7034,1764.0458,1377.7662,32.304245,154.74324,97.08737,1878.6243,69.20951,1340.787,0.0,2463.9983,670.0362,216.13237,278.88882,129.55864,0.0,43.419052,587.84406,0.0,1532.8146,848.23145,405.2346,151.51875,189.73294,22.318798,619.92474,135.32298,941.2318,568.242,1123.1292,0.0,2065.6465,1697.7245,557.23395,0.0,779.9381,0.0,948.41205,78.26351,302.83426,1741.285,192.4297,0.0,350.20438,755.2837,837.6882,1285.3666,400.28217,425.7684,375.53348,8360.815,333.67917,1146.3114,388.59036,228.03691,0.0,635.5045,131.9013,2179.2305,291.3381,136.34113,2953.7935,175.12096,380.43158,82.80844,1959.7765,117.91012,125.39538,0.0,3853.5164,108.24744,254.73608,924.3058,153.82808,93.19583,371.01212,1881.7832,570.6568,1200.5714,393.93585,970.22845,63.3073,66.00309,75.27333,22.649132,123.38118,1228.7448,43.773968,652.498,4103.2173,1559.7983,58.549164,173.57991,114.3069,76.531235,1513.7751,0.0,1282.97,1663.8381,738.0647,2119.476,26.376884,679.8431,0.0,0.0,223.90056,288.5101,1182.1576,694.6457,19.500477,821.1642,52.23907,29.368391,126.63241,413.325,19.18428,2087.9236,1232.4778,0.0,327.7809,0.0,1104.7036,343.35306,64.39544,152.58192,694.65393,98.18745,0.0,0.0,415.20938,58.916656,395.99063,0.0,410.17535,624.7878,578.7172,62.78252,721.1204,948.9072,1160.3374,357.29947,1483.2115,460.0564,1659.4668,1310.6212,2374.3933,3630.1628,3039.2292,169.88223,310.56613,3021.9731,0.0,0.0,77.98808,0.0,0.0,0.0,5.8242636,0.0,2.5743842,0.0,4.163455,10.67163,91.184944,214.29115,6.340537,92.16651,95.84692,9.642126,0.0,9.5699415,16.706518,58.003956,23.220661,78.65716,93.60152,67.25716,71.25017,183.98509,323.65244,48.329014,3.640751,22.133036,10.6787,253.32855,3.46229,52.55398,299.90414,18.377441,200.38463,9.959491,2.6667142,0.0,0.0,45.301197,159.64413,132.10931,96.73341,92.839386,190.22264,99.54451,113.882576,208.74146,65.663376,152.5797,176.78792,121.54184,132.33124,51.434513,67.0753,28.442701,0.0,22.098406,6.398117,13.534864,67.9834,63.613976,88.22266,828.2843,101.19286,3.6534739,192.88889,42.447536,51.298786,43.067577,41.448357,231.33818,200.41846,194.07037,69.54244,23.808811,11.574475,7.3076196,30.21815,36.252316,35.59986,156.15712,37.79087,0.0,47.413887,44.80989,11.540395,444.87198,115.588005,68.728325,14.982736,121.361336,12.572446,63.328728,146.24063,48.08824,4.163455,41.44375,12.1014,77.57885,48.267975,518.03906,54.00276,197.02039,54.612183,48.647945,27.030918,478.8361,20.621824,109.14914,49.747658,39.196762,81.02853,138.68204,51.78908,11.441044,15.718424,43.171307,42.07564,119.8885,13.511969,34.000145,159.43741,9.141116,114.66266,12.900062,101.013985,84.757904,35.620842,54.84956,90.54102,108.60046,159.13533,46.72303,22.227833,82.55835,139.88779,203.72156,70.99676,192.09108,26.927929,73.11416,92.340965,30.658054,79.41883,85.36738,16.826077,110.00053,35.791256,31.360659,446.76926,56.659374,131.86124,7.2558594,123.67902,6.475065,133.99496,23.774904,36.60631,31.457865,50.60434,283.9364,183.91034,208.64824,62.83194,281.7839,105.8618,0.0,83.2398,80.106186,46.747486,20.550486,92.81501,70.918785,47.461388,91.81789,419.23657,58.088303,204.84306,0.0,107.20527,73.02571,223.02655,47.23899,32.541073,130.21892,17.1421,188.62889,43.38589,44.070087,144.22913,229.13943,469.23627,70.23615,19.512342,4.343634,12.615222,7.7476854,13.563283,0.0,0,BIOKEY_10
BIOKEY_10_On,110.832664,406.82278,90.833984,55.99785,17.416742,752.5783,42.721153,3.6851072,35.388786,169.64479,21.665451,2995.1687,39.102993,1223.0477,265.94604,109.04183,636.05133,1089.6744,608.1116,249.60251,423.84088,139.99207,161.5037,594.40674,1114.3827,947.0334,12.496773,368.7558,409.96152,1264.4525,128.18297,2405.8938,24.80189,1808.9318,627.97565,79.13092,1002.562,355.5942,141.95581,417.86548,1217.9368,53.079082,1737.0255,377.364,388.11945,49.40778,21.988562,31.621138,549.9553,249.87573,705.7237,1995.622,2119.1304,22.522566,2689.0984,2369.4875,2276.6174,64.80328,2522.3005,8.382918,1310.3112,254.20258,185.44888,1268.4895,123.87408,75.34017,1168.123,1162.6426,825.5083,713.1024,272.8298,448.94974,295.30228,7602.749,414.95892,1285.8446,1949.8651,1301.3634,142.35207,876.53235,144.481,1703.3105,186.94876,88.932396,2638.6328,592.60986,261.9918,96.39894,1674.5286,382.31653,215.86307,33.36036,3818.9539,22.758322,182.3809,226.31717,159.53423,10.497011,210.4713,1026.2865,1114.5146,1625.6731,721.842,1390.4055,50.89334,333.80652,54.13522,165.0262,47.35247,1815.2255,203.59996,1051.1503,4577.5317,1713.1395,123.78585,227.0137,73.30184,420.9872,1935.0645,2.9667637,1529.1453,1112.9028,1031.0944,2496.2563,44.29292,806.3626,208.65686,35.330257,559.62384,207.13788,534.8647,1904.2948,36.078487,1419.31,10.669704,109.79036,135.35605,108.07275,372.21924,3932.6536,323.52206,12.980788,254.0173,17.415459,2002.3414,330.26138,407.52094,130.59953,770.00665,113.067535,3.063592,20.638361,862.4761,33.14002,1161.0071,10.934672,934.17523,449.1166,258.97397,43.237297,464.17157,263.74515,1182.3331,188.66548,3936.9683,655.65015,2076.351,953.5876,3744.3743,2899.1492,4722.9097,158.75969,239.03813,2601.0515,22.911736,31.293028,4.469999,41.350178,5.9448166,12.675209,0.7658865,6.1268706,4.768139,2.4394016,2.5340903,27.823116,136.86118,228.84909,4.4254045,122.197464,64.09036,10.986552,7.2250457,18.847116,38.629753,54.36403,18.293379,70.13196,136.35385,38.11259,52.42524,225.38126,336.28015,38.66932,2.9150689,45.914448,3.3181386,241.63916,7.620792,17.717049,188.1684,18.849316,213.87306,30.300854,13.187531,5.8189235,22.158016,28.260397,153.25838,87.90905,77.26343,74.521866,194.43596,146.61917,76.44159,135.69255,44.9127,78.20152,155.93501,82.64867,166.41205,82.87396,50.773945,24.353527,7.863864,23.390167,27.446383,23.289286,48.638275,156.27054,129.48656,934.0909,152.58807,28.940928,215.00589,36.445137,62.496853,21.930063,21.406343,444.77823,685.6892,255.3043,45.883533,11.64585,35.047115,18.290062,48.75914,17.225388,79.15862,124.33917,36.688007,5.689015,61.183754,46.848564,14.316687,468.33087,81.75566,44.59755,7.198007,150.49626,24.899221,25.184208,121.802025,42.529503,9.248781,74.55632,9.357232,88.82353,32.69153,714.11743,104.7882,124.381386,66.90705,28.573578,56.956623,411.08575,29.505762,140.96791,40.393997,35.02794,43.289963,148.44109,69.06609,170.53137,113.5563,47.552162,41.459976,145.51399,22.11668,14.404964,104.50863,11.026859,86.408035,36.438797,79.87423,148.9129,27.662102,37.906746,101.05637,115.93327,130.1492,62.263252,30.21107,94.83569,176.34361,644.7525,56.40768,376.54462,62.50081,62.59219,169.69788,24.24927,67.573494,193.33762,50.45297,78.28569,25.833275,29.828495,495.78946,96.86961,97.377686,52.646988,163.81233,19.31505,273.7539,14.870583,27.71758,22.724607,101.17673,239.48532,98.78034,209.25693,68.068794,337.20917,81.86694,2.4091191,107.39854,47.823017,31.54713,17.175701,280.47824,75.54956,36.90083,56.031807,288.19867,67.74837,476.06485,8.390758,181.91142,56.442562,270.11978,31.100353,38.047115,106.0298,35.855587,315.37442,24.554865,43.885967,88.85058,327.5355,435.2098,95.579155,11.999757,6.10601,9.2398205,4.2646403,20.823042,1.373772,1,BIOKEY_10
BIOKEY_16_Pre,32.2426,44.00603,21.264273,7.8400507,14.954154,878.0337,121.87596,5.4893036,12.104356,67.2393,15.013875,4256.097,10.638963,476.21744,61.336178,38.812016,154.62128,642.5223,107.005226,254.22519,89.12483,34.95345,0.0,459.13324,847.51556,1008.5916,12.229074,99.903496,108.03451,586.3172,20.25246,1768.4633,20.607677,2187.6165,473.45602,11.608496,1476.9731,163.36261,50.054695,66.78893,1331.4113,0.0,2167.0513,1189.4993,482.8953,9.440738,42.283623,19.187412,578.96356,337.15555,997.34924,2224.8477,2054.6567,19.02409,1805.0061,2144.149,763.51874,320.97888,1456.0876,0.0,537.00336,153.82544,187.11745,1820.8798,53.900135,77.17718,430.92065,1987.8727,697.0028,485.63043,174.47926,240.16814,289.10278,9250.818,174.4938,841.4772,242.07053,87.67989,12.410435,649.5086,54.56048,1531.8647,191.54977,81.98168,2107.0083,769.3987,108.30538,19.98035,1759.8516,233.95335,30.998865,24.17501,4341.4697,28.096886,213.03131,437.73557,212.76205,5.108709,46.91714,3784.1091,826.7207,1807.7745,30.75493,1219.877,111.21351,334.54297,27.228321,78.04494,8.252699,1402.8473,147.71103,817.1725,4773.7295,1228.0787,32.185066,104.96021,6.401103,337.40115,1125.3055,6.117439,2512.5076,1679.1962,1469.7826,2598.8198,28.762503,344.34015,147.5272,25.441422,337.66193,75.2907,155.17726,958.5165,3.5769978,1141.031,113.98418,5.017576,75.7851,176.93564,90.66032,3521.363,188.60574,4.906357,258.61166,5.134172,2034.0879,337.67642,228.77716,168.70775,1081.6577,104.27308,4.5498137,30.677958,1090.1532,22.04706,1067.2672,12.495978,483.9946,420.58713,78.03457,21.681536,717.6983,348.26498,1502.2122,213.0569,3063.6025,413.55646,2530.368,591.993,3860.5408,3777.3875,4935.131,150.30457,312.0504,1486.1128,23.500023,6.1166296,58.13554,8.167461,4.559076,4.7117405,4.6728244,9.313843,1.7670496,0.64013726,3.052729,21.211264,178.37505,206.48167,5.1299405,119.499756,106.89262,1.2503932,0.6652545,15.005082,16.768282,74.27473,25.086477,129.5882,84.70117,55.41847,71.58441,170.10712,262.49942,56.99953,4.338282,51.48474,8.293509,353.35043,3.7162328,47.777523,307.6088,23.311365,145.97124,25.869009,17.209631,1.8372611,10.106478,28.149094,132.17285,80.45779,102.66458,92.23002,202.22227,125.189285,108.1072,112.7571,43.30995,237.47136,215.35046,104.439095,135.5743,103.345276,85.36769,27.544287,4.4906983,23.99463,22.659502,15.139336,39.655064,206.10724,104.672005,858.9074,137.27391,18.396095,187.36952,26.976273,51.755405,34.156765,30.374264,301.10556,186.89317,302.97336,49.090496,10.784921,47.018738,8.363121,63.083805,17.57572,68.24427,76.177315,48.82942,0.50375783,54.574512,41.8268,24.495554,428.5775,84.44038,62.310654,11.187254,162.88742,36.138012,45.848167,107.48231,48.204952,4.4455028,69.28328,17.791351,93.83924,69.63715,643.67206,25.131374,153.1804,87.20293,27.45068,52.087265,347.81656,26.075691,102.2806,39.651337,51.236233,34.514664,113.60192,82.687,37.862408,86.8262,73.324005,51.72517,135.28108,20.553036,23.63369,198.20433,6.83799,93.642525,42.22645,108.69432,122.83803,24.972427,52.344315,82.87907,178.74532,135.89928,61.239487,51.622456,107.17394,221.81836,458.7571,65.38981,233.91507,40.374416,99.265175,145.15576,40.208427,116.58774,222.07501,69.60873,101.16498,26.63353,22.72836,407.38,82.90525,101.19089,50.569046,206.47488,9.294345,249.9326,33.746136,35.435627,66.95141,65.76418,244.9056,110.641235,178.62672,85.44381,256.0769,114.11736,1.4985734,82.7896,68.317,39.083847,43.52818,253.67746,64.56835,36.324673,48.60595,278.63174,62.731342,276.1558,9.416063,155.51688,63.174988,242.39151,34.99733,38.33453,141.50687,48.82487,274.2453,21.723066,54.511852,175.7136,326.18652,673.5368,118.212875,32.3726,7.5026217,7.025372,12.530566,13.199428,3.9797943,0,BIOKEY_16
BIOKEY_16_On,54.54381,130.79771,71.436806,57.688618,17.186268,964.01715,99.022484,26.977602,15.936597,265.71286,18.860388,3878.858,12.649149,1107.4954,90.06662,86.346756,265.98132,901.09076,280.45578,298.4225,263.18494,44.228928,12.817566,606.55194,627.88446,727.91583,44.775566,654.08453,637.3005,938.29297,37.74237,2032.443,14.462237,1717.2231,834.50964,34.75151,1119.6287,323.7352,66.57327,333.69052,1239.1506,61.70941,2287.3354,986.81464,502.8347,19.741014,28.715765,15.118526,627.884,319.30048,1064.705,2332.2275,2434.635,23.363071,2235.5378,2403.1804,1814.2571,280.42773,2667.9248,7.3163304,767.1103,315.08377,175.2824,1378.5424,87.78308,57.050625,621.9732,1884.1027,646.904,479.37302,206.2171,295.6127,420.26492,7813.0645,304.75168,959.7821,1315.8715,819.19055,43.273438,861.12744,49.728294,1434.0233,185.39684,73.291695,1993.1549,1033.8835,165.99268,30.745163,1309.7281,317.97842,40.69043,31.463379,3366.0715,24.545649,132.33685,209.40065,122.93772,37.07455,148.49194,3894.194,862.9383,1537.1146,157.17451,1169.8612,44.195137,250.92223,38.351685,73.90464,17.468065,1581.1393,301.54944,1368.6981,4782.9434,1384.0404,39.441784,148.43211,34.642197,341.32996,2041.8348,25.363926,1367.7466,1648.1036,1573.6777,2474.6475,34.161667,626.3377,164.22214,61.08679,645.4023,116.71075,278.33835,1481.9646,24.465984,1511.1315,73.07459,19.506355,112.71116,162.29773,115.11871,3813.1335,143.65677,5.3910503,212.65892,49.999493,2324.7761,459.94135,452.53366,169.20552,958.3486,247.99596,15.747137,31.51757,1249.0197,42.52169,1347.364,11.8549795,564.175,375.6785,216.18613,100.67969,432.1705,227.27336,1468.1609,160.90195,3895.041,496.07974,3114.999,702.4661,3614.737,2759.9236,5356.012,150.36095,289.87,1759.2997,27.055897,7.5170574,2.0604634,19.054733,0.0,3.5815513,2.2353146,8.926787,3.7094305,2.1050673,0.6510209,30.267118,207.50949,230.4169,4.1447425,132.09317,83.08501,3.4248202,1.7753257,17.716337,27.458536,69.524666,6.4066277,87.34453,87.28171,49.69889,59.886463,208.86263,317.112,53.127895,3.9536486,54.351543,5.8741903,237.1647,5.6829777,28.435173,255.30663,20.072302,197.00858,29.507984,29.882925,4.6335382,73.351585,27.760393,155.03346,65.0985,72.550835,76.6311,191.28941,134.84642,97.6687,79.66308,38.083458,122.13386,166.84085,91.13105,164.31583,158.0055,60.163757,17.227886,8.0223465,13.57809,37.074303,28.239803,35.062653,296.0553,116.99253,845.1659,181.95421,44.108322,210.11865,29.834103,62.69999,7.063321,24.268831,449.37326,435.80563,347.98758,9.905137,9.348536,52.591396,18.608356,77.36983,16.729605,78.90461,70.54359,50.911133,2.821153,78.097565,53.30646,16.308748,467.6672,75.80069,51.032875,11.347992,168.1522,29.453773,37.660107,104.61888,35.649837,5.8593473,79.97919,9.814528,108.882904,42.5326,832.29834,50.656418,141.15727,70.58777,23.517382,68.80414,325.73145,33.8775,145.76959,36.594296,48.254044,17.476171,132.95093,92.89627,39.670643,131.16599,58.086884,46.67425,139.00453,28.678051,17.625628,157.55206,13.717235,74.176414,43.806812,103.093185,177.45392,22.666904,46.605766,77.48503,167.31566,132.08365,58.76073,54.686363,108.56248,252.37695,720.39716,57.197308,393.79456,58.2231,86.14765,146.60075,28.262318,68.4447,240.67474,87.23086,77.260735,16.556477,21.295269,427.4795,142.56287,110.671936,69.22756,249.462,24.29379,302.98517,28.545977,30.870127,52.708534,102.32313,210.74669,109.721146,213.45592,85.82649,300.7543,95.30469,2.4096313,101.66131,53.892788,28.094004,37.47689,310.97296,68.953575,21.78434,42.59682,297.04828,81.18202,407.05692,10.923662,189.361,55.114647,278.32474,34.126095,30.559175,109.79788,45.793304,300.18448,15.415322,44.638527,141.39117,314.36493,526.2092,133.3316,24.39548,5.659061,3.9088495,6.198675,19.008286,4.474122,1,BIOKEY_16
BIOKEY_28_Pre,66.69256,271.4802,77.30023,10.458283,7.950401,530.7779,78.89105,10.591644,0.0,60.073605,0.0,5423.73,0.0,761.5143,110.713196,19.133018,623.81213,582.972,210.58792,226.03757,118.18928,8.408596,17.63805,366.39948,1037.8296,1678.0006,0.0,55.839672,71.41463,2286.594,9.449787,1638.9551,0.0,1725.2329,665.3648,85.752914,755.06213,158.99535,0.0,104.36175,784.4497,0.0,2204.1475,712.1908,745.5226,0.0,19.361069,8.681871,364.9258,117.92892,1251.9434,2095.2717,1671.1083,0.0,2219.3044,2926.1416,1311.268,31.53544,1967.5181,7.3440614,1745.8497,81.024895,174.04066,1635.4974,13.280048,8.688877,709.3242,1040.8098,942.93744,968.6872,241.81812,127.48047,360.75378,8796.726,141.57109,753.0129,582.75323,163.74182,40.708206,457.18167,161.2355,2539.954,107.85762,130.09987,2635.3494,329.0056,178.76456,0.0,1666.052,145.88655,34.101448,0.0,5077.4385,68.14173,176.02013,313.87915,162.09306,0.0,70.56749,2092.7546,677.365,1403.604,33.58918,1039.8744,63.645073,162.52728,25.738832,135.25287,35.740646,1293.841,86.33107,845.68744,5572.2104,1110.9164,0.0,154.8116,22.174742,258.0568,1184.4358,19.648106,2519.7356,2270.9385,991.2363,1823.0883,37.19499,338.563,151.7711,0.0,209.3631,131.627,633.9628,852.1524,26.148148,1454.5801,38.933903,0.0,79.01748,233.82458,196.66054,3660.9663,591.4024,0.0,246.93776,26.3916,2265.4915,76.99105,140.67451,106.83515,776.9864,173.99597,0.0,6.2489023,1021.9229,15.799449,1035.7697,0.0,426.54282,471.1526,339.20563,20.444075,1002.3657,682.3542,943.0706,285.3473,2860.0586,466.30084,931.18756,923.5398,3488.3704,3952.5376,5156.1274,174.73961,246.5942,3067.0815,0.0,5.3854475,0.0,20.521088,11.972289,0.0,5.9842453,0.0,0.0,0.0,0.0,17.469072,190.64433,206.3897,6.3794193,102.321785,134.8386,0.0,0.0,15.020584,6.298173,87.66724,0.0,71.316666,56.105927,63.19081,54.61429,157.26407,260.33548,69.94204,10.980222,47.99504,13.839483,234.21799,4.884286,123.970505,438.4241,32.675377,219.22311,13.668397,19.995224,0.0,9.239867,59.084034,120.30607,29.555014,111.23168,76.83936,148.01817,88.32807,147.89195,68.98411,60.65982,131.48438,156.52855,93.50526,123.030914,53.546135,34.18767,26.89135,0.0,19.276066,20.057251,12.481793,37.14166,161.99254,72.68428,1079.6744,132.10081,38.19977,158.82494,53.633186,23.60067,68.6733,17.351042,202.98822,145.80753,210.78853,22.200788,31.798553,18.68054,12.423553,39.64622,17.576355,13.839483,77.73494,50.78798,0.0,40.096523,37.490906,32.752796,509.81827,115.12119,45.142143,13.222954,114.54448,35.406418,77.086876,162.43433,80.69659,0.0,51.07139,6.298173,96.442215,60.778465,963.5127,22.472816,100.29875,65.1242,37.436855,41.87439,494.47653,31.392199,104.0505,58.94228,64.54113,97.51466,124.13725,75.40192,51.539955,35.91902,104.59851,30.901451,75.30151,22.910492,26.905155,131.19751,5.9842453,92.282585,25.382788,96.38627,209.08665,33.70854,47.085613,77.247604,201.94382,120.10618,47.081425,19.053007,75.28741,205.89815,545.2346,48.604797,267.93378,40.21536,78.350334,110.22617,29.011068,119.59639,126.96565,27.515638,93.11226,32.91693,31.087133,373.33102,54.529278,110.26836,22.189606,171.59665,0.0,44.725296,28.094294,28.695429,47.71477,36.637737,321.24426,127.88117,183.3249,104.393654,272.82962,79.98324,0.0,48.49147,84.52962,58.105324,34.300182,252.53583,19.717403,18.87262,48.440334,345.7197,69.17953,162.4947,0.0,153.70668,34.74005,247.61246,66.965775,62.618004,133.39569,110.507545,246.77237,25.716671,94.95179,129.50648,230.09229,636.28516,142.58072,18.56856,5.9842453,21.126953,11.988746,26.64945,0.0,0,BIOKEY_28
BIOKEY_28_On,96.93383,225.77684,98.8967,44.171394,32.362537,1185.1713,23.3869,11.3693,29.836784,77.43818,41.397377,4704.3613,56.230816,796.3768,150.86363,132.24794,467.25018,1087.6599,586.9891,338.30295,187.8757,78.5571,0.0,530.062,1519.4911,987.5515,44.10053,260.3263,163.04822,1364.0989,35.93735,2170.4849,36.628197,1482.4233,722.12054,10.832282,1755.7723,247.08517,60.633663,366.4101,1143.0339,32.13787,1003.65094,380.87848,299.41025,0.0,18.520723,57.60799,578.95905,203.41675,354.91837,2675.9697,2743.5178,8.517915,3099.9653,3694.0447,1761.4194,329.6187,2550.8484,32.85563,1390.7062,400.1671,195.40987,867.15857,76.827515,85.765854,568.6144,2167.1394,1178.467,81.81007,228.43506,207.33603,634.27936,8474.127,475.16595,1064.8451,837.6231,413.96216,163.33127,524.18176,254.2479,1548.2366,100.86457,30.666618,1463.1307,559.01807,74.00543,14.720301,1237.7726,332.8183,245.12349,5.435717,4374.015,29.234114,131.28381,244.60219,98.74361,0.0,0.0,278.92075,1188.9491,1619.3923,312.0422,1272.5471,19.424625,258.2672,45.815845,275.06406,19.729294,2323.8992,191.57489,2086.0864,6096.8193,1944.278,8.770282,221.6,69.08906,252.74255,2874.6714,55.72264,1057.7032,936.3524,974.4532,1851.7072,73.9703,771.07587,309.37906,11.900457,308.2904,58.474792,210.43866,2665.903,62.21518,1034.1211,71.44336,64.09907,174.4943,89.189735,70.26877,4594.1333,86.14241,20.70062,209.11296,95.534904,2209.8198,42.800987,230.06587,81.515495,367.32877,213.03575,0.0,12.717443,1227.4562,0.0,884.6305,5.435717,768.72217,445.68155,415.6174,46.322525,521.64764,123.826294,1182.3755,91.17996,3610.6716,424.39227,2439.9363,1067.6249,4355.1074,2187.8706,5526.156,101.4245,202.65814,856.8885,10.546937,8.266189,0.0,22.081865,40.581673,13.59293,4.4881854,1.0745465,0.6906299,0.66459346,2.753424,13.127493,336.74692,203.03055,1.3754289,120.53169,79.4389,4.96747,2.5396104,15.627451,32.201145,73.582596,2.8356946,88.948006,84.25135,31.63985,34.94021,278.36337,328.73984,57.366657,5.3224535,62.034107,6.309228,175.6376,4.1970334,58.424583,210.08098,17.625462,222.71228,23.6664,20.329485,1.3874702,40.15685,57.41085,149.70863,31.0662,79.30977,60.426857,183.69362,102.45166,135.38751,72.44495,33.256958,38.169216,131.24762,81.925285,112.78514,112.77063,37.197227,24.789318,3.3597627,7.7671814,22.470585,17.325722,30.577507,195.0994,70.483116,1146.7494,206.62047,43.756287,256.45074,29.23555,35.898273,23.455088,9.447988,268.8574,124.632195,200.29388,0.0,22.517023,69.2106,31.101944,54.935497,10.675889,75.684425,75.0341,46.275005,1.2311829,50.718643,49.43763,22.894184,536.265,103.86547,50.74412,10.345997,199.07956,19.589333,64.06227,115.64866,53.416527,5.0524817,67.93075,6.195307,119.778755,60.83561,1428.6198,60.364746,135.13861,47.045555,25.659843,99.34955,523.86383,41.93593,104.17212,27.732136,41.57016,76.03422,117.57655,81.50851,97.9087,210.31714,67.43796,29.30207,98.650505,19.353218,13.225244,110.0759,9.534146,74.427956,38.733047,87.66974,197.63002,26.008827,45.54989,111.85135,272.45087,85.195984,68.68481,100.65455,140.94261,185.73721,430.9496,18.293434,357.28455,56.929474,71.50501,172.19847,24.962679,121.83768,171.02979,41.974117,41.933006,35.971115,19.040169,371.30075,130.03702,95.44946,46.344482,188.139,13.318353,136.88861,19.198853,23.50056,36.450092,172.14714,291.33347,90.70137,199.19139,75.05631,279.6251,48.208496,1.2040995,82.13312,61.637684,46.893894,18.546783,319.6149,39.336445,16.527029,29.396507,264.26834,179.33636,435.87338,9.920641,191.52538,25.382664,263.01352,33.311165,43.690758,96.58804,152.37189,367.65265,21.382692,60.09456,70.57091,482.51965,534.8787,241.96707,11.909787,2.8688626,6.3879976,3.2190986,22.673656,2.442687,1,BIOKEY_28
BIOKEY_15_Pre,43.745502,103.6802,102.13256,10.062691,0.0,209.02054,18.26692,13.232453,26.745708,106.95412,0.0,4251.2783,17.380714,428.85645,57.08033,109.48779,296.08673,711.2312,227.02992,336.1233,104.84485,193.89873,144.60924,348.28116,1287.7898,2073.5938,0.0,42.10976,18.26692,2294.1638,0.0,1266.7397,21.310175,1153.7396,599.34973,105.64625,702.165,218.78734,55.111233,167.65059,458.11664,16.761665,2186.0427,1106.3839,357.97287,68.250854,0.0,0.0,345.88348,333.67477,760.5931,1340.3909,1154.2876,0.0,2326.0017,2133.547,1233.3407,141.10802,1810.6885,0.0,1281.7963,228.42702,285.19452,1786.9551,0.0,49.326164,427.97665,1961.6979,1379.3035,1037.3844,244.15823,127.571594,468.44992,8540.421,97.04743,870.3276,599.277,181.69814,0.0,531.7098,51.051872,2556.0417,91.1663,71.14142,2768.6223,353.92993,207.40918,16.889849,2669.6008,252.55305,66.884995,0.0,4906.254,55.53286,195.34045,485.88794,251.45177,281.8309,212.88501,1328.2095,430.6364,900.3901,97.286865,1048.4728,78.119026,394.83563,34.1262,250.55936,86.513565,1657.9583,0.0,877.37756,5178.2866,1040.0447,61.656445,151.51837,17.380714,280.51514,2196.1284,0.0,1763.3226,2134.0737,1617.9655,1285.8965,0.0,199.23412,231.68666,47.498672,292.92685,102.64387,277.39175,630.8932,8.612936,1072.8871,124.993004,0.0,55.037956,292.5841,15.001725,2768.5703,466.32358,0.0,326.55292,66.40261,1685.1378,489.98325,235.71112,143.84956,986.51984,93.29631,17.380714,29.629263,814.18097,75.75499,604.0674,0.0,359.36426,894.2027,539.17865,51.02618,989.15607,627.57446,685.64075,217.57481,1405.0504,506.5917,1174.3389,1391.5571,3950.4827,3112.7886,4831.567,53.700806,297.44635,3858.943,0.0,0.0,228.3699,0.0,0.0,0.0,8.216991,6.4155016,1.0418116,1.2187684,5.5731273,17.76396,121.9548,201.36908,2.3897479,103.71211,95.76477,4.7866735,1.1203923,11.061471,13.037314,79.95428,20.896156,96.73387,64.62709,32.20664,46.262775,223.02882,263.62833,38.895424,0.0,40.67434,6.555197,279.2413,4.574852,65.13959,385.30933,30.280506,228.52866,12.602613,20.284039,0.0,0.0,42.287548,151.56401,54.551258,73.800545,72.76262,211.34943,111.058266,131.72467,86.73454,46.834095,160.76266,144.34958,75.77101,145.79805,76.30278,57.545715,25.067886,3.5554326,18.041174,25.83522,13.244063,73.241196,61.78391,58.241287,992.60114,175.53082,31.76805,210.57353,39.38966,34.818123,46.91587,30.749601,229.72925,115.60988,210.45874,12.160987,23.219975,29.338705,2.2299025,44.913326,32.457188,26.655102,107.3409,36.007244,3.0808113,36.175423,58.372074,23.441122,459.79324,119.940834,55.243237,13.520754,143.09926,25.296106,38.42382,156.67163,47.980087,7.872078,75.13087,13.227972,68.121216,55.378685,695.41125,39.742836,144.45732,61.656334,35.199463,41.70166,414.09424,17.610508,105.473434,32.227318,61.217667,63.040928,130.54005,57.17066,27.674917,30.606018,87.631485,47.890583,141.91264,25.850487,21.046516,172.87852,10.487656,94.16032,41.821266,103.56557,87.96826,27.631163,87.2571,70.302284,231.20021,164.78754,57.57427,85.46965,72.128555,181.00844,376.4355,61.417553,320.58862,51.503407,67.90374,78.44562,26.641987,115.93705,145.95775,25.672983,97.104546,26.96726,39.842194,373.63113,88.182144,142.84308,23.012548,153.54816,17.429518,123.61299,31.538467,25.43207,47.9035,99.16695,248.5722,126.95369,208.13005,90.40225,280.33932,107.37066,2.7053876,62.173218,70.14908,27.853754,48.824303,243.61066,61.875538,26.77108,74.91634,356.4681,92.53585,130.04822,1.3152047,134.11064,43.73822,279.9074,46.314102,75.98469,92.604904,48.39078,156.14801,19.191816,44.757435,111.81519,295.87912,520.00244,221.02747,35.653576,9.186414,9.639983,15.446174,20.598316,2.4271793,0,BIOKEY_15
BIOKEY_15_On,40.032715,147.89052,170.9443,127.97227,19.488218,617.69446,11.324676,89.549706,46.199463,229.51784,15.321673,4517.4385,25.845194,820.06146,62.14682,120.034546,1269.0194,1213.7219,441.81888,328.2722,266.21506,60.23203,14.922082,719.38776,993.1035,919.4495,5.8305006,110.97485,98.688126,1860.1519,33.09513,1778.5006,43.782425,1234.8993,792.07513,89.2493,780.2829,470.42255,83.84636,238.66574,1274.5173,93.48115,1870.4923,429.7413,415.86606,12.304458,0.0,29.79186,958.9542,662.86584,490.00024,2636.1191,3197.9905,11.067482,2738.169,3065.083,2110.9238,125.97084,3815.27,0.0,1861.3315,378.8963,69.70948,1114.5814,40.040348,206.56975,942.08325,1612.6807,1636.592,762.76086,147.44217,330.0338,375.90024,8870.837,285.12738,946.3848,1510.8682,981.8447,105.98055,816.7641,54.043762,2022.1826,38.69726,51.542114,2304.0303,858.04663,285.7199,127.64377,1464.6888,439.27002,65.51733,0.0,4787.245,35.522957,89.856186,85.79131,181.94984,72.50021,49.402054,1969.2855,534.05853,1614.8223,168.13564,1365.9548,52.119213,310.76703,68.977486,226.49796,10.663408,1553.0343,102.174,993.19965,5529.772,1539.9274,28.460373,149.64655,93.61975,347.6235,3131.4753,14.274545,1247.9567,1558.567,1551.1052,2267.8567,44.306026,614.8832,335.6857,32.88426,531.25024,93.4547,280.2271,1462.3949,24.805407,1520.9114,66.16907,22.787594,95.40554,81.40826,122.349174,4587.8735,192.82495,39.78483,219.15446,65.21389,1998.6971,618.0279,395.60614,81.04868,767.7783,218.13373,24.035826,43.7801,1439.5833,28.04518,1278.2257,5.8305006,848.7202,664.7624,241.74886,79.30876,491.5243,331.68365,1084.9133,188.74097,4855.4326,1097.8934,3073.4495,466.5779,4903.2744,2131.351,5704.91,108.00559,164.78487,3590.1543,17.539095,26.80748,0.0,30.029493,15.780641,9.588028,4.0077114,14.444448,3.582755,2.6286137,0.0,34.47681,254.08438,243.28198,0.0,130.87285,60.828182,12.179507,2.2619498,10.570998,67.79926,68.06513,4.37682,46.513054,100.34738,26.31624,44.098755,289.68326,337.86417,25.749556,0.0,49.88734,4.8696556,185.95004,12.678814,34.73452,182.70903,4.837306,335.5188,26.92408,40.441925,2.4200811,44.523613,21.576872,159.85689,17.456606,54.529762,39.92728,258.57675,147.64316,64.90548,47.882088,37.749493,62.74179,110.32447,66.96518,189.84895,100.96884,35.582825,10.3574,6.349877,7.008873,39.391888,39.18938,42.216442,189.05037,71.650444,1153.7018,225.33234,78.67127,253.25128,14.926343,57.830006,12.945169,21.516518,437.385,418.80362,288.5159,0.0,9.728576,40.548565,13.400894,64.71301,5.147133,39.342278,48.856693,21.381634,3.0117295,100.194145,90.63477,13.023978,517.41516,58.154106,34.41942,4.521266,240.91942,10.55257,16.053968,114.72789,25.43219,9.741825,125.710594,7.8688164,152.04933,27.819736,1122.5178,64.87148,80.09247,44.32854,18.867296,111.505646,333.62143,46.601402,128.63792,27.307432,39.986046,49.737434,156.82605,82.32371,60.264442,175.18593,30.386627,26.724827,178.14453,27.892025,12.179347,151.47552,13.476239,49.16962,38.28508,62.64675,146.92458,14.133724,55.33821,110.482445,240.58943,116.075554,51.941444,137.5082,160.85406,246.82394,639.0554,72.03776,286.26422,81.24817,33.84446,170.94417,18.012428,41.509373,202.28883,53.29655,37.852367,24.204409,18.930265,392.09634,128.28189,92.45026,18.086084,173.16426,22.57234,221.9336,27.543808,15.740676,23.60824,187.14696,222.1767,108.240776,249.5996,49.680984,344.9153,63.904293,6.100692,107.49808,53.08998,20.664513,34.19292,345.5656,67.87592,9.595923,22.985233,274.14178,152.742,466.69034,10.194093,165.90681,38.401512,320.23596,37.83627,47.120247,88.02173,67.12154,161.34938,2.9827313,5.592952,94.21988,412.8794,330.83035,289.54306,18.35956,4.695697,0.0,0.0,29.33337,7.772877,1,BIOKEY_15
BIOKEY_8_Pre,0.0,269.2355,0.0,0.0,0.0,789.00195,269.2355,0.0,0.0,113.44446,0.0,3757.5186,0.0,470.95953,0.0,0.0,0.0,477.71603,0.0,113.44446,0.0,168.13722,0.0,0.0,1943.4442,1354.8147,0.0,0.0,0.0,2294.122,0.0,2166.6946,0.0,2106.8586,777.0348,132.69785,1355.9521,0.0,0.0,0.0,546.9026,0.0,2736.637,1850.5116,424.98483,0.0,0.0,0.0,580.2923,479.19403,921.96936,397.8584,1686.7792,0.0,1343.1067,2495.745,1949.104,0.0,1761.2864,0.0,535.31445,78.56471,269.2355,1805.1057,0.0,0.0,197.84148,1204.6958,795.92566,1293.2871,524.9148,0.0,78.56471,8134.0645,0.0,321.92505,758.8915,381.38702,78.56471,749.151,0.0,3257.0503,168.13722,113.44446,1713.2844,168.13722,421.8699,0.0,1810.9156,174.04297,0.0,0.0,4225.674,0.0,189.37784,440.97266,575.5501,0.0,0.0,840.9679,920.44794,1242.3744,0.0,837.71906,181.87354,0.0,0.0,0.0,78.56471,1254.6796,0.0,901.12024,5981.1636,638.35925,0.0,113.44446,0.0,278.4979,1374.517,0.0,3020.3674,3260.181,1214.1655,1211.2021,0.0,0.0,205.13344,0.0,357.51505,189.37784,437.62552,682.30817,0.0,1093.7615,78.56471,0.0,0.0,382.67996,0.0,1810.0192,582.22253,0.0,113.44446,0.0,2307.5513,113.44446,0.0,311.28592,811.3894,0.0,0.0,0.0,1105.5945,0.0,78.56471,0.0,635.21423,347.97476,132.69785,0.0,1068.1005,246.1423,1312.7183,269.2355,2002.3643,113.44446,1597.2332,1068.8375,4074.5437,3076.4417,4767.2305,400.6293,269.2355,2087.9802,0.0,0.0,0.0,0.0,0.0,0.0,11.861939,0.0,0.0,0.0,10.618675,0.0,234.69167,205.93318,17.441895,150.08173,89.28427,0.0,0.0,0.0,0.0,96.981514,20.51981,116.30823,45.479885,49.66365,66.083244,113.75751,219.30344,41.963757,11.028838,108.46254,27.54367,376.34537,0.0,39.406094,524.1282,31.614046,69.89425,49.535126,8.361703,0.0,0.0,100.9297,94.72231,15.63994,102.61342,49.60104,132.72076,50.720375,97.044395,27.041449,37.717503,250.48404,166.81866,71.7602,129.6199,106.52658,55.223118,31.989767,0.0,25.83149,15.426102,0.0,28.735636,49.610935,28.14186,969.97797,110.60392,0.0,120.91272,39.39518,28.881514,54.794617,37.45813,180.47133,146.31404,230.96466,16.924995,31.68567,27.069284,0.0,47.75349,23.895006,6.4130573,104.2583,65.802345,0.0,19.326643,6.4130573,30.0566,321.19128,137.36475,87.6836,11.551692,136.53027,54.255356,75.81531,178.83218,52.692455,0.0,62.19065,19.577995,80.458206,79.59656,1070.9976,7.7160583,136.15172,79.27004,32.77044,56.548485,655.2306,17.96204,36.54116,38.188393,50.517223,56.653793,81.643616,39.394684,117.53588,45.492714,112.7331,56.52185,70.23449,0.0,50.52194,272.09183,0.0,62.081127,11.861939,141.67836,60.6585,28.963545,51.861008,46.804813,220.74011,146.02538,59.600315,36.11138,87.50529,145.59706,506.38284,79.87139,265.8547,18.274998,96.12331,49.98772,11.861939,162.20609,183.43817,39.235283,80.35912,28.884811,31.33298,349.5237,59.601772,178.47371,0.0,98.7593,0.0,52.76416,22.225021,23.616922,75.757355,71.69591,331.19003,117.51656,112.99104,84.52731,241.34026,52.479855,0.0,46.032566,105.141785,20.574926,23.512495,232.86284,48.925385,23.54659,36.920776,391.29733,60.071785,222.7194,0.0,117.77259,48.72708,243.06013,60.793835,69.73718,97.249725,265.57803,102.361946,18.952723,93.45498,170.1001,313.36584,754.04944,176.3428,36.377876,17.560785,11.482785,0.0,0.0,0.0,0,BIOKEY_8
BIOKEY_8_On,37.13586,321.49707,51.591854,84.0751,0.0,1080.0498,70.290115,57.42543,0.0,194.3468,0.0,3448.0164,21.531555,191.28844,67.28422,141.99017,59.664303,704.6956,134.44453,389.71283,215.52112,0.0,0.0,224.8076,1320.5005,498.6393,0.0,23.6905,50.31475,1326.4159,48.946476,1841.1139,0.0,1470.0334,681.91693,37.25399,1428.5322,166.34534,52.414665,190.10962,906.6748,33.973072,2339.8242,856.08093,142.45172,0.0,0.0,0.0,727.14716,708.335,868.1712,951.08826,2557.1934,0.0,2505.005,3592.54,2227.174,485.0552,1810.66,17.722855,1116.8154,205.00427,102.93814,1604.9152,114.37071,177.2937,386.8711,2839.646,791.1784,288.4447,200.80698,168.66881,666.4842,7700.475,212.97725,1318.7577,1783.385,863.63983,249.97804,645.3941,110.53887,2080.794,149.96379,47.444046,1997.3207,448.71878,243.42407,0.0,1374.1633,474.93253,44.129623,23.370737,2898.201,0.0,146.86694,338.9566,175.68774,0.0,0.0,176.01494,1086.168,1830.2482,0.0,1004.86426,73.67508,278.8991,55.278046,230.38237,0.0,1776.1097,69.696724,1637.7625,6256.4194,1018.20905,47.084393,162.80772,28.699018,522.0307,2107.8242,0.0,696.6336,2620.9321,1318.42,2178.3118,114.15326,188.858,367.59244,30.001253,400.1933,44.718952,190.59375,1586.9924,0.0,1180.1755,70.15979,34.017956,216.75305,64.01753,30.855711,3823.0093,7.9891434,18.392756,238.57645,13.224204,2361.0635,380.09427,256.25128,154.47896,884.1309,123.8887,18.54622,8.672721,1655.9865,0.0,1669.9115,0.0,624.5776,220.96071,72.485565,23.6905,512.2025,371.0028,1413.1106,164.38145,3953.1514,452.1912,2555.469,983.55524,4374.5234,2253.2751,5615.397,189.9519,124.957794,1322.6014,0.0,26.270725,0.0,16.443954,0.0,0.0,6.588602,3.1801336,1.0992496,0.7729494,1.5599536,13.173413,227.10178,227.55687,13.4936695,162.29741,59.730972,1.3440801,2.0283847,9.042313,9.373224,95.4822,0.0,92.49145,76.15003,25.932673,22.748472,176.27116,297.73093,31.26913,2.0814357,117.61827,22.18228,284.52048,2.4402277,31.87919,515.9055,5.7199626,100.27019,69.915794,32.184513,4.839819,31.675255,87.11207,129.09581,4.802954,85.392426,35.883144,177.62352,88.22413,96.949425,33.627872,38.15718,121.387,109.5763,68.10895,131.33316,143.71379,33.3776,15.675927,6.507553,9.860887,48.411285,19.25793,19.063736,53.979874,56.337208,1163.2985,184.13861,54.57402,208.49893,18.447853,43.926464,7.212849,16.471804,185.6287,225.47661,237.95407,4.9928236,10.287639,57.62132,5.390837,65.08651,31.34368,36.443916,91.72193,50.587223,1.2556826,37.42563,38.95614,28.96972,359.68024,80.743805,68.749306,13.08601,177.16595,21.140436,57.273125,126.839066,51.45194,5.149861,87.87399,10.296945,124.66482,53.82136,1277.4495,24.968603,121.8787,70.31514,13.943655,100.591064,633.0792,30.07936,49.69324,22.61087,32.510075,31.805517,100.40367,35.424534,276.45523,180.67926,85.91747,30.22173,68.16475,2.8286538,16.892591,184.85995,11.593465,61.403816,34.92816,116.45782,73.91213,23.274857,33.185596,67.67687,280.427,85.64555,86.197334,83.393005,96.93372,185.97124,734.3869,63.19487,368.44885,34.936825,79.665924,96.089,10.432456,108.47404,209.01125,56.1776,51.430195,23.508242,24.912043,374.95642,100.63857,99.0166,49.588837,206.50645,7.670765,78.02769,21.728626,14.339219,70.07984,137.14229,297.52045,96.40937,177.78024,65.866394,244.72017,66.73825,1.3440801,64.48926,85.9291,19.22774,19.40467,189.6423,52.978836,13.331918,30.944847,390.42355,145.6196,431.6314,4.1592264,122.566605,39.54285,258.42822,32.759766,36.10168,68.55009,317.23734,123.1809,20.623709,49.939972,139.08879,303.1518,717.5934,214.02599,23.654911,8.244807,9.58332,5.688934,10.988618,8.035365,1,BIOKEY_8
BIOKEY_12_Pre,0.0,0.0,0.0,43.915043,0.0,333.0892,98.82061,0.0,0.0,68.32243,0.0,3355.3596,59.604088,376.075,0.0,65.773605,878.8804,970.26776,312.5939,0.0,68.32243,292.86566,191.01692,186.94331,1531.2992,1238.7338,0.0,0.0,0.0,1130.2998,0.0,1162.033,0.0,1405.1029,389.5386,70.47285,624.4975,214.32147,0.0,174.90291,1088.3274,0.0,2135.302,752.6182,245.76453,153.05194,150.46701,0.0,1195.5856,465.15967,537.6307,1240.0626,1386.6818,0.0,2488.5554,2247.593,1108.8507,197.65709,1611.7965,0.0,182.0632,303.69684,65.010796,1364.4746,59.604088,0.0,822.76385,1751.7358,774.0802,0.0,497.06693,85.23673,591.87854,8150.631,198.53197,898.7606,750.8036,99.58695,0.0,875.39984,0.0,2814.862,110.744415,163.2409,1993.0944,705.0454,670.5708,0.0,1537.8164,428.8081,0.0,0.0,4975.9976,66.82938,107.584595,356.26712,317.4682,398.2641,184.09425,879.57135,263.82767,1654.2307,0.0,1276.1074,166.62105,217.18086,0.0,65.773605,0.0,1220.4102,122.20375,1479.3755,5737.307,1171.564,0.0,165.14891,40.48601,353.54718,1128.8999,0.0,2832.2766,1618.6025,1012.58966,1658.549,0.0,282.09064,168.69257,0.0,221.66205,198.20778,1409.2773,452.9388,0.0,460.71265,94.80056,0.0,0.0,469.87466,59.604088,2938.9402,144.47534,0.0,335.56708,0.0,1729.6503,378.1297,57.207523,192.28879,679.9989,0.0,0.0,0.0,572.9608,101.610245,726.61536,0.0,98.82061,727.431,289.53827,0.0,1195.0469,450.4775,1452.7417,453.5308,2402.7742,342.1684,1321.8707,1253.271,3060.072,3132.0127,3919.4338,163.2409,400.9433,1700.3427,0.0,0.0,0.0,0.0,0.0,0.0,3.6458414,0.0,0.0,4.0358787,8.657111,36.584793,204.77559,182.64534,11.005409,89.315636,80.053505,4.21829,2.664581,7.8298864,39.001858,81.92987,24.89022,132.06361,66.03054,40.92605,88.582275,235.61168,335.36987,42.194572,4.0281696,62.527885,6.9456434,249.2874,2.664581,56.456882,114.78911,42.95773,197.52711,27.181118,14.011203,0.0,3.940061,14.763452,125.71544,66.70689,86.55026,106.64499,159.45921,103.30979,69.65664,113.64765,52.82534,73.03874,174.73492,88.26004,130.05965,33.933582,64.574356,24.836336,0.0,24.138834,20.692404,4.0358787,100.457664,192.50352,62.90768,784.5664,120.93071,9.632788,224.53152,25.323097,30.090397,30.177643,16.305964,308.8559,186.26802,299.3204,15.120367,20.292276,15.690201,9.486602,19.916945,21.350805,16.824236,113.61518,39.608032,0.0,25.524427,61.09432,17.684736,386.81323,77.95637,63.871426,17.46542,106.64541,51.114086,20.975273,126.28735,76.07539,7.5578895,39.050663,11.943968,54.540424,79.1901,656.1533,13.92901,140.91939,87.92589,38.38652,38.74228,369.56992,31.411913,92.81598,52.99452,33.20252,38.6151,94.228096,65.00614,127.902374,27.346876,62.44405,54.215054,142.08963,2.664581,14.731191,162.1478,8.572175,80.93883,16.996367,91.39195,84.009964,21.982191,43.57154,95.20023,157.2458,147.59341,43.89113,36.992146,169.9112,185.42252,266.7556,74.302826,152.4547,33.8625,44.34154,125.91787,49.369457,58.310387,228.16386,44.00368,109.21851,38.527897,25.996277,414.83273,65.39439,109.84252,20.921715,161.52435,20.555199,218.2845,31.892668,53.893192,45.454567,59.56211,307.74216,175.4288,197.32307,108.65003,296.53403,92.10725,0.0,94.134636,67.939674,42.973717,11.69408,208.16489,54.599945,77.54056,73.46525,361.9034,37.886425,176.79651,4.799723,122.35956,59.293434,263.15387,42.313816,81.16035,152.8415,19.190468,117.57609,33.163467,47.043118,128.52747,313.56772,661.1629,96.63651,7.567708,12.308235,0.0,9.46784,20.921137,0.0,0,BIOKEY_12
BIOKEY_12_On,36.111053,79.03498,127.56937,127.46031,47.32023,384.11026,0.0,58.530407,0.0,213.22519,0.0,2108.2646,77.82265,726.4709,99.40183,291.75223,1822.5676,727.6141,467.7467,54.05626,143.55925,32.879353,0.0,454.0565,1001.84546,935.9243,78.23678,95.43966,0.0,583.3057,0.0,2170.7732,36.111053,617.20044,863.88257,0.0,1339.4388,280.07333,0.0,0.0,1804.6259,58.530407,1574.7767,0.0,130.97601,0.0,0.0,0.0,1066.6594,719.619,556.33655,2053.4458,2895.4895,56.14396,2236.5437,1969.09,1532.5845,580.6091,1962.7546,0.0,678.8121,233.65147,0.0,1209.572,358.05698,402.2049,962.42786,2478.4377,903.6514,0.0,204.76085,45.7898,1111.7587,7413.855,401.4884,1039.4302,372.0978,215.49483,0.0,911.74756,257.72513,1700.4287,47.32023,47.32023,1786.3217,904.15686,280.25604,47.32023,2422.9624,559.529,160.65817,0.0,4155.6562,0.0,175.14075,351.31995,71.585556,0.0,0.0,249.49593,779.4322,2449.2737,56.14396,1502.2362,0.0,352.1259,56.14396,229.83342,0.0,1199.0311,71.585556,2360.9285,5751.136,1214.5146,36.909252,179.33812,273.76843,711.4388,2598.315,0.0,2152.1008,1241.588,1255.4176,1928.1588,82.69905,280.3856,174.21036,0.0,1172.2437,0.0,445.73923,1408.5538,0.0,1289.1991,0.0,0.0,176.42485,285.2706,275.94992,2604.3928,56.57667,0.0,239.63911,0.0,2136.9182,693.4423,102.36646,134.00793,587.5129,54.05626,0.0,0.0,1200.2351,0.0,1339.3324,0.0,448.4845,649.3024,128.99571,129.75575,445.507,450.66653,1538.2817,384.5959,3284.597,414.011,1329.2268,800.26044,4283.803,2273.6711,4289.78,77.38218,202.7839,783.69525,0.0,0.0,0.0,0.0,47.151825,0.0,0.0,10.594555,0.0,5.5805326,2.2033694,44.136715,255.40686,228.82922,2.5211005,105.27492,50.130272,7.93672,3.9848228,21.266434,74.06681,69.49925,12.458087,96.09981,119.42742,29.627184,43.964897,291.16708,306.77014,46.43411,0.0,78.43722,6.371842,189.29272,6.579789,32.2928,73.30406,38.123604,286.5766,33.919086,25.839983,2.2709708,43.236935,8.800481,131.99744,39.651623,58.449104,87.60158,182.74261,135.1574,49.91529,92.91696,7.431053,127.81632,147.99673,63.89366,131.60915,114.59709,56.644405,25.122007,4.212317,13.829956,25.94807,24.775835,31.463413,295.07544,130.85558,856.73206,273.55817,82.92857,311.4945,11.224399,41.925602,29.261889,4.870438,538.8626,274.8147,292.04138,2.3870192,18.47096,59.85096,25.651413,52.94055,4.8763313,66.210014,64.327255,30.670311,3.8219578,50.33802,63.071712,9.780373,470.27722,74.920876,14.931547,2.2709708,213.09468,18.597372,11.641216,104.2522,28.954721,7.2870607,88.4049,3.9848228,93.92175,51.42805,959.8172,49.246494,81.65242,54.152653,20.858425,152.35927,294.41406,53.380142,116.18375,39.9072,37.028923,30.319963,137.69069,101.27728,252.20079,125.27812,30.986753,40.053776,154.14969,21.154684,0.0,152.58133,13.91128,51.939148,32.43544,52.719814,248.30125,5.082595,34.069115,153.1869,254.83902,83.52228,65.64963,63.547146,228.51709,340.78317,428.95633,66.528114,255.8548,45.560684,47.95296,262.53668,23.782864,31.918058,247.74667,32.576805,66.86882,18.06525,24.946291,466.16962,128.81044,85.56377,31.533516,239.02426,51.69327,340.85403,21.038244,32.01589,35.013977,163.92462,186.691,86.17274,328.0982,72.64443,361.22238,28.935215,2.4614966,107.2174,62.95078,33.844337,0.0,519.36456,71.78652,40.673576,24.050848,269.82523,132.03757,432.29822,5.409929,158.92397,56.91075,296.64392,26.339647,36.061207,85.53399,36.39238,266.83255,14.216402,24.46152,107.77409,354.04233,470.3546,303.33472,7.0848684,3.1548462,0.0,2.2689273,34.699333,2.548673,1,BIOKEY_12
BIOKEY_31_Pre,0.0,0.0,0.0,0.0,0.0,673.0417,59.11527,0.0,0.0,0.0,0.0,3779.9055,0.0,129.889,88.601776,59.290543,588.5704,824.582,215.61612,59.290543,99.83058,321.25546,380.81622,244.16187,989.3171,1509.5339,0.0,0.0,50.940483,1914.1688,0.0,2053.532,0.0,2473.996,818.6471,115.491356,208.90274,58.043907,0.0,231.23898,1186.1019,0.0,1625.2587,957.90985,668.9647,138.31761,133.20778,0.0,427.53156,174.70197,2067.1003,2402.304,1495.0679,0.0,1997.194,1403.1691,941.94165,118.32146,1485.0084,24.3376,1887.3291,213.96329,295.70212,1667.6665,0.0,0.0,157.55714,1307.5819,732.37933,31.030144,319.94406,366.84418,0.0,8848.64,336.14703,1002.1625,727.52234,191.87096,0.0,546.3084,0.0,1530.513,152.60626,123.98576,3230.8423,533.6795,508.49414,58.043907,2384.0012,0.0,0.0,0.0,4079.665,136.86084,159.08737,205.3506,309.9985,555.68,214.40292,3205.184,947.6804,1639.7003,0.0,1342.019,69.89591,187.03409,0.0,217.47131,130.33589,904.7233,179.16782,645.74927,3460.042,1064.8175,0.0,68.80044,0.0,95.66812,1747.6569,0.0,2481.859,1104.5865,933.5494,1733.0212,60.445057,283.6512,329.16232,0.0,617.0794,140.2546,248.32718,1205.3208,0.0,744.4569,183.04123,0.0,114.55734,309.97052,171.38933,4187.767,148.29283,31.030144,422.64755,0.0,1413.2374,140.3894,159.22252,48.671318,943.4509,0.0,0.0,0.0,1282.8342,142.52583,1203.5985,0.0,428.2133,604.4774,427.36893,0.0,722.25543,761.3686,1213.2653,127.82275,2145.8708,631.24896,1851.0742,1332.541,2570.9497,4805.577,5167.2754,339.32025,231.24205,2042.5479,0.0,0.0,0.0,0.0,0.0,0.0,0.0,0.0,3.1789374,0.0,9.213493,0.0,103.66787,181.35757,9.76339,119.54393,82.52683,2.3858066,0.0,10.049153,10.943561,57.26207,22.947279,85.46155,50.4351,60.950977,67.04193,244.2248,236.01233,44.638657,5.6296134,22.518772,7.1136994,263.58197,0.0,99.19031,266.84912,16.365757,191.75377,26.288237,15.902386,3.130711,0.0,37.34563,145.52545,37.250256,98.57478,97.84575,136.13116,98.15843,113.53381,136.05437,44.287117,186.97206,123.47335,124.94341,117.40674,155.44612,85.46715,27.108719,0.0,20.030832,22.16544,29.707687,83.770134,140.78912,48.61946,785.3498,166.0425,6.414048,202.97049,32.13831,42.834587,8.453184,17.880417,206.4984,140.20996,178.3459,0.0,53.062386,40.650185,15.347558,59.61491,20.10495,24.83463,142.07953,47.349277,0.0,61.319492,41.689022,27.93315,418.34073,124.89114,80.56431,12.24529,69.617386,56.117496,71.79843,100.210976,43.905037,0.0,66.97302,19.435133,58.667423,71.99229,764.4365,61.203465,201.01682,78.29029,33.0035,83.19859,425.95667,33.97041,103.14146,38.101803,52.37943,112.2381,130.24892,66.03453,3.9596558,27.043451,104.47676,43.755123,114.66595,10.898979,23.908714,165.66513,10.68276,113.33567,12.930115,84.52803,102.76789,19.209124,35.23952,67.908356,137.48232,109.90943,60.856747,65.91048,64.76012,160.12544,305.30472,51.575058,243.06186,25.279531,64.72416,60.354347,30.533138,178.0024,177.12361,14.585005,84.57934,23.41919,31.830757,350.35663,157.04434,121.81509,18.376867,183.18777,3.5583518,122.264595,28.847336,25.132444,49.51925,31.616732,325.89316,120.48633,114.17515,101.856606,270.76553,76.82031,0.0,42.029068,79.44191,48.17742,38.375706,190.57597,53.96852,13.906571,75.4813,364.34045,44.981808,91.48278,9.083367,126.29441,62.83384,223.92992,56.2856,55.432167,80.6154,95.47989,128.04878,44.704506,42.27349,110.12609,240.00104,595.5788,75.34804,33.165676,10.773157,9.099267,18.7505,4.7661786,0.0,0,BIOKEY_31
BIOKEY_31_On,52.006912,97.66001,54.487648,33.11202,31.900763,787.22125,29.61577,23.352291,58.282856,249.81203,35.400234,3973.932,21.732492,1121.8907,215.62306,90.16289,1601.7117,1044.9999,128.26837,153.89485,310.67877,74.34656,190.03143,259.02246,489.6455,744.5198,53.887943,208.10216,154.86247,1024.6772,38.36831,2762.5957,0.0,1826.1431,1141.9154,40.54836,762.31305,420.71332,31.473282,510.95547,1326.549,0.0,1649.5958,441.1276,330.32297,44.08314,57.7487,27.877335,776.92365,649.68414,1043.4762,3667.189,2008.8174,0.0,2388.1917,2661.2688,1441.4948,337.1235,3271.877,28.483963,2146.4502,461.46765,80.75067,874.1049,204.35242,20.659765,757.70166,1900.0474,845.59735,164.23328,163.4382,326.1235,690.124,9033.574,337.61023,1133.152,493.23373,107.54857,17.928806,511.67917,92.83537,842.6468,121.63885,65.76544,1827.545,708.97125,142.00114,94.966606,1299.2914,398.12543,63.639862,26.433016,3807.5854,52.633537,90.91009,148.6042,41.303112,153.78076,89.4132,1440.1469,1119.7445,2143.5227,181.6944,1396.2788,0.0,357.3435,17.928806,206.37741,52.72479,1499.0742,239.14052,1149.3519,5214.2515,1450.6083,18.884373,182.12439,31.106607,82.2754,3042.7144,29.139128,1313.9716,941.06635,1252.8225,2000.1742,70.38811,869.7661,219.7735,53.023205,1013.62006,111.86115,212.09825,2390.3257,0.0,915.7547,59.757576,24.054737,113.355865,198.93813,351.7511,4547.481,262.85342,51.50984,135.96834,26.410767,1426.2214,212.13649,224.43613,37.821777,612.07404,67.15971,0.0,25.403984,1060.4286,27.241827,1289.597,26.433016,788.6828,404.49643,205.21132,32.37187,596.0739,252.41682,1749.5891,112.26046,4906.044,820.21185,3197.9404,942.3796,4302.335,2772.7444,7402.22,131.98738,176.89241,1789.8413,0.0,0.0,0.0,0.0,0.0,0.0,2.416482,9.882701,4.4063487,2.9468567,1.9472814,17.999525,190.37062,201.57994,2.9322836,118.8206,64.47488,7.7195234,3.056179,18.180574,27.509542,48.157833,11.693807,60.12665,71.920135,42.283085,38.212494,264.9134,343.59464,27.282248,2.0051408,38.616997,5.172838,215.67831,3.7574766,36.157284,213.84955,7.660066,228.65834,21.455336,23.334202,5.2088037,29.180532,18.411049,170.29529,24.242632,76.41897,67.02785,178.11055,129.5705,100.224014,67.46495,35.24483,76.78409,103.83347,78.904755,158.53574,213.54805,55.903713,19.081646,4.1394353,6.2910404,30.78998,24.800259,25.169037,223.40384,76.562126,1095.3735,262.5053,65.54342,211.05199,15.062722,65.47676,23.472033,23.374279,377.27463,213.6074,257.61026,4.2346754,23.27115,67.00382,15.307173,73.00759,10.1335945,57.58731,105.55719,31.258066,3.745192,87.28927,46.284477,20.236649,515.49585,83.40271,52.61883,1.5967395,149.70795,18.45558,32.75817,106.104996,39.146156,5.9063983,74.41423,5.494761,100.797935,51.151356,944.31885,67.01326,129.75972,61.826935,24.799757,121.327896,379.82214,36.768566,141.10431,30.764036,40.37566,47.829,149.69536,79.9649,100.65109,121.79859,57.451664,27.679466,139.47072,25.862993,10.296027,153.11821,10.609382,80.188965,41.741432,93.05485,168.25494,24.261538,31.14247,87.147316,244.35768,104.4932,71.75436,96.72398,120.15943,284.77203,525.18445,32.556858,303.78555,66.06244,49.477753,151.90533,20.830744,90.82316,248.90477,34.43965,49.618923,18.43996,20.132307,380.1658,108.86755,109.90297,58.20385,234.6298,8.132375,155.75282,18.010023,22.56726,35.749214,116.78548,228.27472,108.909256,205.39252,61.761486,310.99368,51.446842,0.0,77.29418,85.27078,33.32556,27.71092,437.60944,77.7558,16.380495,28.31527,293.09183,120.04232,392.6898,14.308116,136.2559,36.767597,271.69415,52.036148,37.830597,66.635345,98.95123,213.64432,21.917917,36.9165,122.68433,426.63376,472.23248,239.81122,19.593153,4.617266,2.894046,9.014188,10.610663,4.4408193,1,BIOKEY_31
BIOKEY_4_Pre,86.23967,43.870487,41.76623,79.83493,40.829464,513.2973,70.781395,19.715723,23.207586,125.865395,0.0,3339.614,0.0,310.58792,180.44899,277.05112,193.0518,825.55054,413.41302,120.22708,11.926874,21.296564,186.27219,552.86176,781.4271,1161.5004,0.0,11.587577,0.0,925.1827,8.969213,1305.4785,55.835987,1489.2836,596.4371,112.04023,1673.4392,158.22432,271.90424,163.25282,777.3253,0.0,2279.3018,89.39371,183.29373,0.0,37.24039,0.0,599.2989,236.18732,734.9381,533.85486,1826.7782,136.81406,2591.4592,1277.9078,1075.1055,189.68073,922.60065,0.0,83.108284,267.9404,32.40518,2227.1504,107.02454,736.1525,786.6962,2506.4087,1058.8347,404.24332,260.47745,66.37068,833.943,9379.329,460.81076,788.33777,387.95544,47.455513,14.595271,400.27933,115.17574,1892.6061,168.62093,90.72403,2214.4246,350.18533,454.18866,18.318016,2612.3005,271.117,25.56664,0.0,2686.018,79.91174,215.24712,534.8012,159.39326,17.885483,77.81835,749.3031,793.4818,1916.506,109.833725,1077.1445,26.234194,512.3962,30.668652,122.98685,73.071754,1909.6206,41.146034,1804.8728,5442.036,910.8902,13.781381,69.20496,129.08826,231.77007,1296.3022,0.0,1365.2463,2255.5781,945.34705,2012.6125,27.776457,296.40585,354.12866,125.01664,357.51898,147.0242,697.2556,592.3361,0.0,793.48395,37.75457,46.45139,42.518806,162.80182,27.997843,2080.7288,275.0554,0.0,350.9646,25.67212,1780.8643,650.7939,88.37603,135.57115,540.83746,158.66849,0.0,35.047176,717.0886,83.032776,1037.591,63.12249,374.90506,612.5309,137.44383,0.0,393.44693,399.68805,1606.7446,181.91446,1131.6926,329.8566,1101.4048,1214.2953,3340.4727,3473.2314,3417.0972,182.23038,232.13263,2257.6528,0.0,0.0,172.61533,21.90356,0.0,0.0,6.749948,0.0,0.0,0.0,6.1180744,11.161371,108.81441,212.82446,7.0606756,85.7027,58.748543,8.421441,0.0,13.618217,22.589148,54.23737,61.43287,66.089,54.275166,31.981657,60.936268,121.44321,249.70482,61.43129,6.072654,17.77583,6.1180744,230.77962,11.0492,39.868587,65.179276,42.873966,216.56119,9.067603,16.904448,3.542339,0.0,19.114761,44.020393,50.342354,100.2787,79.13774,182.59534,89.920494,117.67488,186.86777,30.05656,206.91624,171.31784,96.59998,130.2505,23.683043,88.74271,20.61228,8.513971,21.075342,24.18823,8.336218,116.901924,101.896454,48.656,642.987,163.95218,0.0,221.55838,22.381575,35.04642,32.193336,20.318165,259.59302,122.296555,193.00232,41.941242,36.557747,12.119751,6.044983,29.102537,27.994389,17.368052,82.70729,52.557114,0.0,35.004116,39.0377,16.432814,593.89404,128.71394,54.415035,6.072654,124.94529,44.021084,31.216364,112.545105,54.005688,0.0,40.698467,22.422165,79.747116,46.803562,334.46548,34.99647,177.29889,104.31369,46.969616,48.860756,383.53702,22.386908,100.80841,39.05027,49.882023,46.091446,156.63234,34.132305,0.0,16.80885,62.18657,33.395382,90.37113,21.945988,51.79899,137.39609,3.542339,60.402542,27.727085,136.35078,77.123146,20.279694,69.42674,142.3158,130.26367,126.832634,38.29342,8.037059,92.76112,170.68265,328.06677,68.75368,170.86769,49.851463,67.6577,83.98074,46.941185,86.52212,140.1229,5.5252633,74.23546,32.58602,31.123772,520.7299,91.31681,156.09239,13.518931,66.417885,6.84174,271.26242,36.33926,37.704884,45.810173,29.626099,332.3809,154.28894,128.70631,79.58065,357.10016,87.51069,9.614992,58.802372,39.45553,53.790936,45.950825,162.9217,107.408424,41.295593,103.97437,324.4887,53.714558,164.31679,0.0,124.09026,81.699066,243.36577,44.28178,16.24882,139.30629,3.2357771,108.895164,25.929287,49.231598,83.18521,223.06354,589.20667,76.823975,15.87724,8.70218,7.926277,8.760453,3.8248987,0.0,0,BIOKEY_4
BIOKEY_4_On,65.83314,54.979153,111.18473,129.71518,52.635563,763.3205,34.856884,29.710672,59.936012,161.22844,0.0,2917.578,73.915634,419.79395,83.917854,427.1001,97.20389,1194.4148,542.53503,191.56436,0.0,23.426783,125.56101,806.6018,512.4696,383.8204,0.0,59.936012,0.0,1254.5437,154.88153,2225.6199,97.65615,1432.6814,1084.8799,63.783417,2470.1445,241.46101,454.94724,124.949615,1032.9584,99.750336,1766.6417,68.2393,132.88087,0.0,0.0,24.589764,842.4387,814.4692,191.56987,1297.5096,2679.7854,173.66592,2492.3352,3298.2588,1135.8999,428.23648,990.71405,0.0,245.952,730.92444,80.74312,1475.8754,399.57663,1070.4469,1012.46967,2968.5852,1171.7816,201.72032,191.99905,333.07755,1120.9813,8845.5,456.7025,784.2443,1474.352,815.61237,23.426783,687.1423,278.5472,913.0796,75.697495,0.0,1884.8911,850.46454,174.17065,0.0,1242.2639,208.65074,176.9121,0.0,1197.6932,30.411818,98.18208,77.00826,200.26146,0.0,18.027227,360.9014,546.63226,2617.5527,18.027227,1329.7802,72.91835,649.11804,72.29244,99.68055,46.986103,1853.4489,230.08937,1677.5299,5546.685,1567.2561,97.42872,122.810295,340.73132,432.04556,1039.2855,0.0,401.06403,1693.6875,1468.0378,1910.4956,23.426783,419.76147,496.76663,157.30211,735.89264,28.526913,371.4947,1512.6154,34.791702,1245.525,0.0,53.13746,86.86159,69.67771,140.15698,2759.3818,115.77416,0.0,251.44714,92.60601,2397.687,1253.1505,130.47005,99.84696,509.5491,450.632,0.0,31.552368,823.41516,0.0,1255.0518,103.432526,223.70042,491.39267,0.0,0.0,51.552223,199.99228,1641.4398,145.19882,3131.982,413.08768,2583.9934,619.5768,2862.7273,1602.9568,4060.727,135.43008,179.32253,1337.9313,0.0,47.589924,0.0,28.107565,28.107565,0.0,0.0,0.0,0.0,0.0,0.0,29.596756,155.67671,270.21246,0.0,130.92659,40.452583,8.325481,0.0,31.364553,47.26739,45.544777,37.42958,52.849075,79.4359,33.993298,62.222454,141.6024,332.35272,49.32926,0.0,43.274597,0.0,183.61435,12.982928,13.903119,49.372906,13.332183,245.15376,23.553574,12.982928,7.147191,31.878881,13.332183,51.615246,30.00607,59.514442,30.678919,214.37625,91.96101,78.04227,130.22372,8.325481,129.18196,130.41586,28.219927,168.03412,62.020046,57.68417,18.301083,17.02314,6.230198,35.391724,8.325481,43.150032,213.44376,80.23981,874.9464,220.92686,40.570675,282.90213,19.56238,36.138172,0.0,14.29727,333.8063,556.34467,288.16766,0.0,8.111217,40.02773,30.355322,34.073917,0.0,70.95286,38.469933,38.287792,8.325481,115.12199,63.478962,8.111217,578.212,112.64838,33.268646,0.0,146.37064,31.02117,10.720775,68.07067,26.353914,0.0,80.90639,0.0,106.90491,19.621157,732.1184,63.439606,99.344894,68.38426,24.360506,52.665394,349.70273,43.00437,126.25747,34.685795,36.72384,43.73913,163.45636,69.73916,59.61236,128.87206,50.280598,30.798525,115.75064,33.167606,6.186053,88.23434,8.325481,64.06342,48.916656,77.05396,188.6552,14.55568,30.564934,159.40863,166.81033,70.5681,69.15777,14.237476,121.76046,241.34622,735.3419,39.45994,202.57605,49.451694,47.265995,124.80409,16.32746,60.700657,208.17114,41.49234,73.12077,17.695992,28.749012,580.76764,167.17108,53.281677,24.308716,213.12561,15.472673,267.44818,18.122663,37.502514,31.652792,115.83735,241.24193,126.79618,214.85759,54.325623,349.41528,77.34656,10.9754715,92.57833,21.308409,38.874283,23.9584,267.07205,122.442024,12.41625,34.63943,262.771,151.67137,429.81296,0.0,194.85231,37.20078,328.6092,14.601412,13.332183,62.676655,41.663956,88.0661,10.9754715,29.065529,44.11264,342.2528,303.0747,85.752335,12.982928,0.0,0.0,0.0,23.080189,0.0,1,BIOKEY_4
BIOKEY_11_Pre,37.314747,36.14502,26.30629,86.2675,26.454048,769.95734,0.0,0.0,0.0,41.185616,0.0,6171.898,0.0,282.86984,27.438496,0.0,212.74893,708.7283,643.33344,162.29494,0.0,81.12195,186.37581,289.9894,779.7192,1342.2782,0.0,0.0,0.0,2328.7234,21.8799,1686.4194,0.0,2196.1775,598.352,167.14891,1436.9757,148.75131,103.180824,325.3446,550.92804,0.0,2539.375,534.3477,476.84937,29.898989,63.784573,0.0,101.00819,59.48768,1124.3601,1511.1626,375.66022,0.0,2705.6206,2396.894,1236.0461,49.959175,1113.6818,0.0,2228.9668,334.7689,152.4909,1900.56,0.0,0.0,499.14233,1562.5936,778.6712,398.33633,334.64075,114.54263,185.101,8794.895,359.57547,915.01276,694.3131,330.0312,119.0452,441.38065,39.819736,1392.5266,244.29109,224.69302,2382.7905,302.94464,380.98596,0.0,1958.9137,218.55623,0.0,0.0,3078.3037,0.0,74.97299,177.83101,284.5376,361.6596,109.7797,1606.1565,463.40808,1237.9938,35.855785,1134.6417,35.738228,217.0311,0.0,233.07175,69.38174,1856.346,104.21067,870.5664,5302.025,1791.8181,0.0,76.794975,0.0,249.17596,1654.2501,0.0,1723.0272,1734.8485,729.3874,1868.2333,0.0,240.62733,140.77893,0.0,311.67435,165.51897,454.19745,902.123,0.0,517.0289,0.0,0.0,76.34994,112.8417,64.41045,4015.7866,366.65506,0.0,328.35333,0.0,1611.7313,257.49597,41.29473,80.474556,741.8711,86.37442,0.0,0.0,1004.68353,34.200237,524.05774,0.0,291.3749,391.27814,268.83463,0.0,507.48938,714.07574,1344.9786,148.28497,2046.3585,365.28397,251.4168,939.4051,4191.5415,5188.192,3235.821,204.98448,184.76158,3139.433,0.0,0.0,89.194954,0.0,0.0,0.0,8.151808,0.0,0.0,0.0,11.006212,18.942755,228.02135,183.92941,6.7543173,51.609745,89.17653,3.2688155,0.0,8.01488,22.082773,51.506348,23.31493,93.32525,54.702206,22.697826,68.29672,152.41786,335.35342,41.866817,13.013978,27.682568,7.362755,215.88333,0.0,39.117344,292.68488,22.42089,241.69685,16.762266,5.964433,0.0,9.122496,68.84953,82.60669,12.413063,101.41886,63.990265,153.54288,107.84685,132.1654,98.72295,37.985752,206.8359,212.49188,99.8651,107.00234,48.944717,73.92737,24.178272,3.1733608,20.837772,26.287498,0.0,48.4057,52.955273,41.038692,1026.0243,123.6235,8.212354,216.44092,44.373177,36.984974,51.46613,34.55071,193.70007,134.25746,138.75285,58.287037,14.530179,12.818787,15.918157,45.311344,34.440273,8.992478,98.85036,65.508095,0.0,11.1398,53.893883,35.31875,470.0348,91.96861,64.5718,21.421326,130.31583,40.93862,98.16843,152.0692,80.190094,0.0,80.95631,14.357743,117.061005,40.499554,546.9019,59.112854,142.66919,90.483635,32.485672,41.63446,722.27124,4.251894,79.67292,30.47822,52.44089,55.910847,4.9893985,26.370102,84.08206,27.67868,107.335915,47.69712,79.365074,0.0,4.8214207,212.80754,0.0,102.82699,75.89521,94.62965,73.72569,18.020489,70.12896,105.15619,249.00917,119.51294,32.70743,18.755005,110.2502,138.89143,271.24576,54.676365,297.1684,28.747608,79.212105,24.745462,33.56712,108.60107,59.33169,3.372762,76.53893,30.862772,34.418407,425.70496,37.80082,153.6502,3.372762,107.13215,9.122496,133.1018,25.779686,23.492918,29.358587,116.53531,332.7381,178.16011,221.2592,72.617195,297.56033,65.913506,0.0,84.0752,46.16382,26.371891,11.967732,172.51237,32.33481,35.00103,66.691154,390.9337,69.90317,183.66101,0.0,106.9524,45.96422,266.5593,38.552628,47.654102,112.92664,55.229416,197.03773,13.705886,52.811943,123.07632,306.66925,602.09906,83.59445,30.741045,4.8214207,13.557209,13.203003,0.0,0.0,0,BIOKEY_11
BIOKEY_11_On,54.28885,41.384407,49.01295,27.643892,16.464144,622.36945,15.314819,12.803192,30.689585,145.34494,3.490119,5269.4062,3.4628336,726.0692,175.99353,44.845097,1575.7172,983.44543,860.92645,225.74939,258.83832,23.523252,51.003273,584.1646,742.72595,1338.5575,29.428137,52.14733,62.52645,1888.3915,27.905834,2281.1357,18.627726,1401.3749,868.3922,82.14335,1303.7128,429.51895,122.65342,952.9497,851.4145,107.34586,2103.2168,190.94604,302.77237,10.328364,9.080424,11.941351,374.06674,208.64542,876.5149,2339.0032,2066.9817,7.6229544,3036.4346,3106.0444,2816.2473,102.22401,3942.8225,0.0,2123.6526,545.8172,143.32089,1203.1488,15.066775,69.961044,511.9941,1866.7053,1223.3254,191.51624,254.02626,181.46742,466.60956,7858.0435,713.4671,1203.2478,1712.1621,1021.53186,223.73343,848.8408,87.15452,1477.5436,184.39066,99.118416,2264.1357,537.19806,316.4051,52.80807,1493.0431,415.10754,49.099564,11.733814,3736.756,27.825045,104.211266,204.86456,102.39021,33.58567,63.56653,856.2945,570.4554,1367.6339,49.445892,1059.4453,35.12983,293.7511,63.585236,313.7943,47.212376,2462.7483,142.73242,1687.9808,5597.097,1902.2938,17.495176,91.95721,76.678955,192.48466,3121.7817,0.0,1402.9181,1877.2568,956.38416,2065.082,17.820698,659.39795,211.0105,5.9220333,357.86496,118.15796,411.57834,1893.9277,0.0,1301.1611,10.854422,23.49096,51.309925,118.12844,117.33019,5298.1045,201.68637,0.0,180.24086,0.0,1975.2811,520.53107,218.96243,65.11399,479.93585,181.46716,17.528193,21.982553,1197.2158,27.084646,1178.4337,28.521196,715.6602,526.4576,159.70425,10.07602,261.31873,256.77557,1474.484,109.15267,4368.6514,530.82587,1491.6111,983.66187,5110.9795,3257.3726,5731.7056,133.9337,82.8568,2841.57,7.29759,0.0,9.3856535,8.423235,5.5866513,8.235054,3.3333647,9.438083,1.5002487,0.97732127,2.9590254,27.54918,255.2231,217.46843,3.4305956,130.48174,69.1902,12.027318,5.1999536,20.661434,65.68239,33.257656,1.5029126,60.193176,64.67356,12.038575,42.653793,220.50267,359.1316,39.940884,4.3867383,49.603058,2.814301,187.72128,2.0731494,38.12166,172.8066,5.7527213,269.84323,21.976173,27.756374,0.0,15.568698,63.42392,122.57644,6.2838135,70.550415,62.55373,176.8353,137.409,79.5333,41.603024,28.509243,78.56909,99.50372,73.91808,169.27058,86.2619,36.939526,12.059225,1.1195234,15.396412,29.816618,14.348013,25.114178,141.7545,43.437286,1052.9253,224.43504,32.312977,240.79633,6.9127736,60.605103,23.521128,28.631678,279.77032,514.01135,249.6845,25.84061,5.783619,46.02512,12.176208,46.792095,8.317872,53.43653,101.08735,39.50882,6.334302,43.171867,68.73097,15.661766,528.296,79.74643,28.975573,9.802958,176.79218,25.550884,32.210487,107.19527,44.129047,4.818788,102.631165,8.573969,124.86988,44.580997,949.00214,63.8797,89.65556,54.122284,27.06905,49.8624,646.74756,30.76181,121.153725,22.199276,44.094673,32.219917,36.271694,31.36527,254.2819,127.99671,73.43049,27.745598,122.01672,17.426743,3.74964,123.91964,3.114976,58.235817,82.01049,59.685833,134.4254,8.42168,47.408783,117.82088,292.57208,118.65706,61.687706,70.09597,120.270096,205.93806,405.42905,42.26195,432.79398,49.48373,68.11431,121.77929,19.120796,57.447826,146.32816,37.785576,39.213028,19.301296,20.41905,448.67694,71.92502,102.59665,76.99228,168.08356,43.873283,255.16177,22.412983,16.211992,24.747227,121.890205,211.07745,137.29434,265.085,42.350998,335.91788,44.772724,1.3235306,82.79996,31.913208,32.368546,7.1630507,432.1004,79.07758,26.890371,38.23667,352.04498,163.28062,492.85922,4.7527056,187.23346,31.204468,299.7365,35.87553,25.143414,82.3473,75.71342,325.21716,11.824336,41.347286,81.12491,514.26324,454.66376,238.79384,26.122822,0.91048604,1.1666268,2.4843433,26.300528,7.537028,1,BIOKEY_11
