sample_id,ADGRG1_T,AHNAK_T,ARID5B_T,BATF_T,BHLHE40_T,BIRC3_T,BTG2_T,C1orf162_T,CBLB_T,CCNH_T,CD38_T,CEMIP2_T,CEP135_T,CH25H_T,CITED2_T,CRTAM_T,CRYBG1_T,CSF1_T,CST7_T,CTLA4_T,CTSL_T,DGKH_T,DTHD1_T,EGR1_T,ERN1_T,F2R_T,FAM13A_T,FASLG_T,FKBP5_T,FOS_T,GABPB1-AS1_T,GLIPR1_T,GNLY_T,GPRIN3_T,GZMK_T,HAVCR2_T,HECTD2_T,HMGB2_T,HSPA6_T,ID3_T,IER2_T,IL18R1_T,IL18RAP_T,IL6ST_T,IRF1_T,ITK_T,JUN_T,JUNB_T,KIAA1217_T,KLF10_T,KLF2_T,KLF6_T,LAG3_T,LINC02076_T,LTA_T,MAFB_T,MIR4435-2HG_T,MNDA_T,MTHFD2_T,NEAT1_T,NFKBIA_T,NR3C1_T,NR4A2_T,NTNG2_T,OGFRL1_T,PAQR6_T,PELI1_T,PMAIP1_T,PNMA5_T,PRDM1_T,PTPN13_T,RGS1_T,RGS16_T,RNF19A_T,SAT1_T,SFMBT2_T,SH2B3_T,SLA_T,SOCS3_T,SPON2_T,SYTL3_T,TAGAP_T,TGIF1_T,TNF_T,TNFAIP3_T,TNFRSF25_T,TRBV6-5_T,TSC22D3_T,TSPYL2_T,TUBA1A_T,TXNIP_T,ZBTB32_T,ZFP36_T,ZFP36L1_T,ZFYVE16_T,TUBA3D_T,ADAMTS5_Fibro,ANGPTL4_Fibro,APOLD1_Fibro,ARHGEF7_Fibro,ARMCX4_Fibro,ATF3_Fibro,BTG1_Fibro,C5AR2_Fibro,C6orf163_Fibro,CCDC14_Fibro,CDC7_Fibro,CDKN1A_Fibro,CEBPB_Fibro,CEBPD_Fibro,CEP126_Fibro,COL6A6_Fibro,CRABP2_Fibro,CRISPLD2_Fibro,CTGF_Fibro,CYR61_Fibro,DCN_Fibro,DDIT4_Fibro,DDIT4L_Fibro,DDX17_Fibro,DEPP1_Fibro,DUSP1_Fibro,ELF3_Fibro,ERRFI1_Fibro,F3_Fibro,FAM157C_Fibro,FKBP5_Fibro,FLCN_Fibro,GBP1_Fibro,GBP2_Fibro,GEM_Fibro,GLUL_Fibro,HERC5_Fibro,IGHG4_Fibro,IL18BP_Fibro,JUND_Fibro,KCNE4_Fibro,KLF6_Fibro,LFNG_Fibro,LINC01355_Fibro,LRRC24_Fibro,LST1_Fibro,MIRLET7BHG_Fibro,MT1A_Fibro,MT1E_Fibro,MT1X_Fibro,MT2A_Fibro,MTHFD2_Fibro,MYC_Fibro,NAMPT_Fibro,NEDD9_Fibro,NFKBIA_Fibro,NR4A1_Fibro,OGA_Fibro,PCDH18_Fibro,PER1_Fibro,PGR_Fibro,PHLDA1_Fibro,PLCD4_Fibro,RAPGEF4_Fibro,RASD1_Fibro,RGS1_Fibro,RGS2_Fibro,RHOB_Fibro,RND3_Fibro,SERPINE1_Fibro,SFRP2_Fibro,SGK1_Fibro,SPRY4_Fibro,STOM_Fibro,TNFAIP3_Fibro,TNFRSF25_Fibro,TRIM66_Fibro,TSC2_Fibro,TSC22D1_Fibro,TSC22D3_Fibro,TTLL3_Fibro,UNC5CL_Fibro,WARS_Fibro,WDR6_Fibro,WSB1_Fibro,YOD1_Fibro,ZC2HC1C_Fibro,ZFP36_Fibro,treatment,patient_id
BIOKEY_13_Pre,0.0,3165.9587,814.04,2088.0442,1204.8748,1415.704,655.74097,329.1111,856.9247,173.75658,0.0,707.2113,193.77908,0.0,211.68999,0.0,193.77908,0.0,202.30354,1742.9117,1174.0049,301.28638,0.0,176.12868,0.0,0.0,0.0,0.0,3848.97,3103.518,327.68643,933.8208,108.53439,968.2263,0.0,182.09166,151.2188,1457.7264,0.0,1285.2488,1275.1362,388.41388,0.0,409.62012,1457.5863,1462.504,2620.164,9345.189,371.98303,194.6413,0.0,1308.2429,571.3842,0.0,1325.2803,0.0,523.92926,0.0,580.83777,1134.2064,4356.402,6285.057,1202.6587,0.0,0.0,0.0,1143.5956,111.378746,0.0,0.0,318.12183,3006.857,1022.7455,2216.1719,1322.1145,0.0,176.12868,2685.6191,819.60016,0.0,275.70105,528.272,1349.4768,569.25006,2589.2827,2231.704,291.14166,5474.709,546.5088,1099.9924,1496.7854,0.0,3061.769,5987.295,491.40363,0.0,447.23407,102.94672,35.710346,575.9052,183.4645,127.82798,1286.0895,26.77805,28.517078,474.44638,71.15831,503.48886,493.14618,294.84958,284.92926,105.04932,1506.2173,2168.9175,1283.8575,1396.719,3633.0066,420.97998,91.75865,2556.4219,574.6989,1289.7142,3.2227104,248.6845,240.51456,0.0,355.44894,229.91214,762.48206,677.5366,1514.6938,1417.9465,192.98628,26.27643,448.09402,818.3014,368.21973,1631.6051,68.34624,100.24247,8.949075,17.77735,287.37683,122.38903,1153.1481,1042.8827,2273.6047,429.01428,372.46783,447.8045,148.16727,1323.7773,245.51007,877.0458,996.7629,163.77864,94.801476,567.2456,36.426743,16.534832,311.64243,18.806028,110.46532,1351.0404,608.6305,329.44574,3495.2798,147.15454,150.19058,1567.4813,344.41537,50.366154,87.50377,487.69608,1612.2378,1166.0573,340.057,4.312058,701.00543,646.2488,2394.1145,86.7606,31.248917,1558.4779,0,BIOKEY_13
BIOKEY_13_On,394.61026,1578.8204,2273.8838,2795.0093,736.7986,1928.3279,460.67838,0.0,2424.3567,1681.4448,0.0,2082.1094,0.0,0.0,1099.9178,0.0,2046.0457,0.0,1270.397,3915.146,0.0,460.67838,394.61026,0.0,0.0,394.61026,0.0,0.0,5136.47,0.0,1039.1298,997.4838,0.0,1820.8712,0.0,0.0,338.98117,1936.8873,0.0,473.55005,0.0,300.25827,0.0,4083.2964,0.0,2241.1243,1283.5598,2171.3594,0.0,0.0,0.0,2005.9824,733.5914,0.0,0.0,0.0,2004.5046,0.0,694.8686,3519.0464,5263.704,4003.8315,0.0,0.0,0.0,0.0,1987.8994,457.93774,0.0,1370.1069,787.63336,4430.3354,0.0,3701.177,2388.509,0.0,0.0,4682.5776,0.0,460.67838,0.0,2045.2307,1578.3109,338.98117,3025.0793,2157.3958,0.0,4258.09,3151.743,300.25827,5710.595,0.0,3251.9524,4406.3223,0.0,0.0,330.11453,306.28708,260.5096,707.64734,232.63345,483.8513,1249.2957,57.746616,45.385723,590.2642,88.83908,878.3212,1006.7265,938.4587,216.99898,0.0,448.4197,2017.4149,1926.9459,1697.3162,2073.3025,933.92114,0.0,2139.2676,872.4101,1815.0051,0.0,618.34796,505.60025,0.0,1169.8402,278.63065,868.35126,814.1151,1276.1394,1313.335,198.61168,28.376286,301.0762,748.612,1184.9764,1870.0961,56.137085,82.728035,31.433756,0.0,185.2859,492.657,1766.4319,1473.4822,2759.422,967.2852,1051.9713,612.5586,405.5498,1709.5801,943.8099,712.71564,580.0164,820.1501,93.133766,1197.8037,0.0,27.43314,680.8015,0.0,158.40369,1800.1174,613.5087,446.66452,1812.9885,171.1254,390.4385,1831.4941,366.0545,29.299828,108.739174,492.13257,1853.3208,2343.118,212.7586,0.0,551.6331,555.501,1842.8402,89.62567,43.011833,1891.6443,1,BIOKEY_13
BIOKEY_10_Pre,1456.9789,1803.4988,842.3711,1861.5559,2611.8074,1432.3514,1201.3706,37.841007,1373.103,539.75195,297.00873,715.2213,258.7231,5.77251,819.26447,33.693394,147.33945,961.60443,2661.4678,1469.5284,1260.9995,336.08353,82.97885,417.02466,165.18596,834.96246,32.055435,1055.4,1261.0602,1057.7758,594.52673,963.84863,276.64178,909.6953,45.010593,1428.8965,289.22217,1221.8008,49.84923,363.5896,1816.7638,206.64491,153.45601,412.6874,1877.9917,1091.2369,4380.978,4382.8003,158.69583,541.7176,13.752058,1758.1711,3294.5754,0.0,1068.9482,22.711544,1406.113,27.116179,1365.7537,1703.4421,2430.4543,2685.4392,803.60254,24.015831,34.432262,0.0,749.7832,134.55722,0.0,1083.6306,434.9635,2882.1052,1820.3167,1840.999,1565.7429,275.4672,34.62457,1933.2145,450.7106,126.588234,387.77917,277.57315,670.0124,1342.2528,1973.5826,1479.4608,9.682526,1660.058,480.95407,897.0768,1921.4141,55.006252,1896.5833,5021.879,243.85022,0.0,667.4809,322.1475,128.47675,560.9751,162.1221,202.30913,1018.4131,23.693214,15.558602,678.2378,41.36817,786.46875,759.3554,495.80673,202.36627,84.95156,552.8408,1472.3391,1574.8103,1351.8721,3267.3188,574.57806,13.4958105,2258.8484,452.06458,694.2947,49.260536,550.5296,210.29416,0.0,159.1876,182.71178,1667.3406,1226.971,575.3567,1326.1414,310.3874,129.48657,634.6142,494.63986,473.67865,1469.9261,117.600494,242.2485,53.199825,64.88525,406.91605,50.23898,1626.7649,752.43787,2311.8816,621.088,239.36305,610.6859,195.16847,963.6896,67.076744,1028.6595,449.13782,170.45213,99.257385,679.2107,22.029226,30.4817,112.66651,92.23255,246.9068,875.9868,506.65433,364.03986,2572.4553,231.29834,236.51718,1428.4211,290.3269,72.847855,108.88977,577.1828,954.449,848.64215,260.39297,17.900757,1240.6566,660.58276,2220.9553,89.67213,12.050442,989.4846,0,BIOKEY_10
BIOKEY_10_On,1675.5183,1419.3469,1809.6962,2548.1748,1729.4846,1505.5818,641.3796,64.73053,2302.619,818.6865,654.128,1622.6157,290.49023,224.21892,1394.4988,76.29795,718.2127,465.57504,3278.1443,2676.6492,280.42947,559.64124,242.9114,241.50658,655.3846,780.76587,137.37474,400.15085,1906.4302,1275.41,989.1961,821.57367,559.0223,1272.2548,59.51037,1559.9576,377.48434,1875.6049,50.94359,187.8807,1167.0421,229.9937,245.22142,1625.8015,1150.8995,1174.2571,3309.2524,3555.2375,67.2126,118.1193,59.32171,2424.245,3429.484,28.923384,527.3763,55.938175,1827.0276,45.771038,1858.089,2677.6917,3701.2898,2946.447,461.2224,52.686554,158.28206,26.38907,1176.564,848.99567,17.123451,2848.2788,913.4566,5018.5903,340.0507,2080.7222,2240.687,456.7107,19.311884,3204.4426,320.06735,146.62155,925.46924,1074.9874,1538.7369,811.5045,2721.3044,1014.07184,47.032063,4591.6514,922.1058,784.4589,3622.49,246.40874,4332.005,3394.4495,147.58537,105.68537,480.34488,329.79272,137.21977,576.51965,140.30234,327.76025,1463.6864,41.859386,0.0,601.6701,118.92893,1108.3999,1514.2322,1117.8485,85.560936,213.87953,568.43634,1652.9664,1708.7146,1839.5392,2745.9536,1206.705,0.0,1872.6008,951.4467,2142.8896,9.750946,802.8848,282.07507,0.0,343.861,177.46904,2116.9526,1652.7639,1088.3964,1714.4001,266.1734,77.64127,1268.3687,719.27875,695.3368,1911.4634,81.4749,197.83316,11.458355,56.850395,312.72147,67.98345,1576.2506,958.01904,2267.2993,662.7069,638.43805,660.135,290.40057,1570.637,255.84401,938.9693,491.90207,343.18433,93.202194,991.29,60.64899,11.108857,498.25024,225.63284,279.28357,1282.0668,837.9539,650.7853,2050.879,334.73154,283.53143,1678.4186,599.04126,43.614605,73.54876,540.37683,1528.1497,1950.4148,335.967,11.458355,1766.9622,624.3321,1849.5359,19.490225,29.14647,1833.4662,1,BIOKEY_10
BIOKEY_16_Pre,644.16876,2057.7095,1550.8035,2112.12,1131.745,1703.812,868.909,290.63647,1553.8528,791.3521,689.6055,1348.8899,299.48584,16.267012,672.0197,42.650677,646.0257,394.04324,1270.4468,3100.7961,232.35631,525.7254,248.96805,182.06224,326.63644,393.40152,139.61366,231.90395,4369.681,1855.082,443.45813,525.27563,464.7272,1486.518,271.57913,573.388,114.75999,2266.4858,0.0,259.13275,1502.1101,236.87163,73.89296,2243.6768,1073.9222,1384.496,2000.9906,5882.5967,65.8248,87.22931,44.568474,2248.8955,1787.1062,0.0,793.722,32.43454,1173.3478,27.83159,1560.7352,1752.9738,3152.3374,4568.2,1292.4607,19.82493,69.97286,0.0,705.4955,457.00925,0.0,1172.0747,702.9815,3450.2366,307.17664,1974.134,2799.6294,157.86871,72.27735,2287.8389,604.98065,315.71213,532.312,890.655,614.2394,1124.092,2376.7637,1428.6906,328.41977,4508.629,433.54025,763.42255,2854.6272,71.67211,2441.8284,4529.303,134.4528,0.0,498.56747,227.4719,73.38031,537.05615,248.9547,170.11853,1294.4852,42.374092,0.0,634.5175,135.71208,632.52673,1687.7491,831.9,116.0012,206.56143,841.28406,2056.398,1877.8004,1488.2954,2967.7478,736.97473,101.14075,2479.7524,614.7079,1387.9528,0.0,1170.9911,712.3035,0.0,623.69916,132.78012,1883.3207,1255.5696,1181.1406,1492.9625,449.29767,364.46542,896.4715,1030.5957,558.3543,2052.514,132.43361,163.95142,36.532753,40.21815,532.14825,101.44642,2064.814,1065.3812,2878.141,771.11487,409.449,561.01294,208.69592,1028.3007,159.29486,1118.1633,864.6728,459.66913,187.97205,779.26245,40.094917,0.0,203.94994,81.2397,208.35776,1276.2288,572.594,760.95123,2563.0337,237.1967,309.65775,1340.7957,436.91357,41.27575,77.06716,543.2755,1711.0536,1828.3113,183.51357,0.0,1379.1627,476.2805,1724.5936,159.49925,0.0,1530.633,0,BIOKEY_16
BIOKEY_16_On,912.59143,1436.232,1913.3204,2988.9307,817.0093,1803.657,522.13116,194.78928,1773.8451,991.96625,808.7434,1451.865,314.10233,305.32745,1507.3015,58.517235,1053.1093,399.5525,2010.6875,3007.8215,262.32062,496.40482,435.26416,140.27379,616.1592,593.40405,124.0885,122.27972,3953.4658,1453.7552,621.97675,855.34344,1273.127,1587.0972,342.53082,953.9775,520.3534,2933.0562,23.373486,283.34885,871.8336,313.69653,55.623116,2836.493,924.34875,1573.0148,1904.8234,3304.5938,57.029716,106.87217,213.72182,2194.3472,2882.6191,4.9210315,501.7316,126.55919,1844.8008,53.88414,1834.3832,2877.8218,4382.2666,3368.1807,357.68042,25.605259,252.65778,24.886934,1129.1101,608.13306,40.779808,2053.8994,898.4335,3995.3738,95.10699,2514.5405,2773.26,305.3319,22.783798,3008.762,276.28464,358.0772,824.9127,1367.6206,869.2225,483.65283,2744.723,995.414,155.83012,4298.571,994.8124,712.34607,4096.065,136.81165,3376.727,2484.6921,154.51886,132.99846,388.79596,332.81613,526.62744,602.83826,129.35915,789.6533,1785.1683,71.329384,0.0,294.4662,64.73308,953.2168,1505.9987,2065.1921,140.71785,0.0,1107.4088,1817.645,2405.9612,2437.1855,2661.4685,1744.8262,0.0,1865.4601,974.93,2245.184,0.0,1178.3466,252.52238,0.0,759.8751,0.0,1876.3164,1343.4016,1953.6862,1842.0763,72.475395,82.57514,681.2072,1121.0052,1064.3445,2371.6606,0.0,130.50653,0.0,131.37851,151.39204,291.69995,2168.8384,1525.5272,2893.133,589.04047,833.2189,843.14856,467.94415,1952.8619,1049.7794,874.0375,818.9746,1451.1301,87.4113,877.4468,0.0,0.0,1139.4076,408.22,484.02206,1560.944,1264.7145,913.80597,2414.8584,322.10013,396.06848,1262.5322,552.26434,0.0,54.457428,312.3683,1828.7446,2377.4084,84.88084,0.0,1329.0317,546.8574,1693.7561,0.0,72.475395,2434.5283,1,BIOKEY_16
BIOKEY_14_Pre,0.0,1575.07,1587.1578,2657.4958,1085.725,2797.1794,1907.5781,795.92664,439.8979,547.5314,0.0,1376.6819,271.1729,0.0,777.35345,0.0,94.40839,277.80853,571.12134,1340.6698,648.7544,255.65189,142.81491,469.14398,0.0,255.94322,71.47197,0.0,3391.0544,4448.001,459.80865,611.7027,0.0,889.42584,154.96294,0.0,41.857044,1668.5435,0.0,1055.6327,2290.9612,234.56824,0.0,1303.7039,1814.8966,1084.6339,1103.8575,7408.167,175.54028,84.898796,0.0,2370.633,566.359,0.0,1246.7344,0.0,285.64203,0.0,681.5447,2106.45,3835.289,4211.525,2224.576,0.0,117.758064,0.0,679.6651,349.67798,0.0,156.25392,233.43135,1524.5365,485.25613,2142.9246,2667.122,102.67048,387.38702,2689.601,1033.3425,306.19208,175.54028,396.56628,680.7232,1382.771,2124.2236,2954.3298,401.56976,3395.7234,677.50073,1503.2579,2635.104,0.0,1915.8068,6051.4004,286.5918,0.0,232.74005,231.65852,103.61481,467.00473,156.05273,706.1211,1408.8054,9.131933,15.477762,518.4187,141.56459,1074.5212,441.1515,279.69455,378.12463,104.36509,1006.611,1247.5511,1403.6477,1241.5538,2667.5193,821.86615,80.83254,1755.3074,819.0761,1654.4454,0.0,521.5799,332.49667,9.926694,452.67172,129.91461,647.268,859.66376,1679.9714,1581.187,231.95992,118.496284,350.2168,696.2239,720.71454,1366.9119,92.815895,76.43983,0.0,42.585087,195.00452,275.78693,1615.182,1275.0532,2705.4495,1005.94293,760.6263,568.48773,182.32446,1703.4297,476.43335,811.30133,547.5956,321.46292,104.94727,814.6279,57.57663,0.0,420.40012,9.86312,191.03845,1537.689,490.88196,219.63434,2170.4326,314.13025,225.95473,1705.5916,340.16095,19.650928,47.938583,326.63342,1926.276,1589.2365,296.09995,32.259434,727.25653,605.0109,1895.6237,91.324455,9.131933,1978.6835,0,BIOKEY_14
BIOKEY_14_On,590.4257,1880.4427,1914.8469,3077.3008,1045.3457,3006.6245,1945.515,250.38081,1148.5785,1112.9717,255.65695,2546.6238,164.15366,949.2911,1795.4102,0.0,3182.1526,0.0,1456.0875,2879.5378,746.81213,295.4084,142.24252,80.76489,999.78284,376.21014,348.7264,0.0,3799.5972,3327.7556,853.2349,711.7882,1234.6597,2280.3684,552.82526,494.04514,493.1889,3170.2512,0.0,0.0,1052.4193,319.1154,0.0,3303.419,1017.7791,2312.1533,945.00165,5957.0674,0.0,0.0,646.8275,2454.6047,948.69885,0.0,539.3898,0.0,1037.9575,0.0,856.4074,3465.1216,5044.7407,3935.535,1253.9783,0.0,215.43275,0.0,1159.369,958.45734,0.0,1466.5939,1090.9398,3048.4329,311.87305,2683.6812,2866.574,83.929634,63.448235,3187.2517,372.33124,667.6562,448.3706,1638.3397,1201.9849,618.69086,2301.436,1259.7924,354.38928,5777.9214,1867.9229,766.90826,5635.741,97.51956,4861.408,2380.544,261.40314,901.82733,407.26593,1293.6107,410.31775,899.51843,127.52892,778.9605,1770.4061,38.16595,0.0,410.6065,175.73529,1718.3516,1962.5502,1816.6704,212.37865,0.0,822.50665,1683.9937,2077.06,1819.3312,2373.2139,1110.5846,0.0,1841.8925,1186.0717,1849.8186,37.293983,1105.9539,776.689,0.0,1080.5833,125.87855,673.1602,507.63937,1804.8983,1622.957,128.05759,21.480675,274.16916,1228.0865,815.43207,2039.9836,48.796223,124.658005,0.0,0.0,321.38123,493.06174,2419.3484,1796.4746,3059.2861,1012.19293,1153.8094,780.95,445.80353,1651.3447,983.39435,942.3496,435.14844,1271.9299,0.0,1507.0712,0.0,0.0,605.6253,34.91365,432.4387,1755.4896,857.28925,1225.3068,1584.19,375.96252,302.78174,1934.4302,461.36127,0.0,0.0,295.60834,1841.7177,2304.005,232.65845,0.0,558.6227,683.0525,1722.7643,21.222523,49.55628,1998.6255,1,BIOKEY_14
BIOKEY_19_Pre,0.0,2671.4507,1037.0603,2254.2307,1461.1969,1063.5287,1093.7852,924.066,990.77893,606.51385,0.0,1298.8768,423.07288,0.0,1031.0087,0.0,811.12476,318.7179,427.00623,2543.2368,1779.1655,206.15915,0.0,563.941,304.45514,0.0,195.09596,240.72491,2954.1548,4787.7285,510.61432,323.2882,0.0,195.09596,0.0,0.0,206.15915,1093.345,0.0,561.73615,1646.3757,423.07288,0.0,1131.6603,585.23737,821.30835,2495.6746,6083.1973,318.7179,372.58484,391.28815,2364.458,593.0395,0.0,1153.5409,0.0,633.4605,0.0,509.90585,2232.6226,3246.3708,5501.6836,2695.3562,0.0,0.0,0.0,878.6605,235.40936,0.0,212.65251,195.09596,1791.6648,716.9562,2093.3374,331.59982,0.0,543.70825,2881.471,427.00623,68.311,195.09596,957.7753,935.38995,789.5812,1871.2363,1933.8588,1835.2427,4543.2427,522.407,1269.8682,2220.9094,0.0,3208.112,6782.4756,304.45514,0.0,546.70544,242.77165,52.13739,448.52258,279.80594,481.4674,2366.649,0.0,29.596788,535.5791,36.58341,868.4743,1156.5569,2135.2664,397.66177,229.98602,1592.228,1546.756,1509.3402,1919.6746,3452.5115,1331.3326,52.832813,2473.5825,634.65155,2346.7925,70.3432,440.08307,131.97975,16.140593,439.44968,205.15054,454.152,643.96545,1269.843,2026.1637,340.57516,8.815631,173.41898,807.4778,296.5536,1610.0527,133.3099,66.96381,54.198757,3.9486845,209.91208,373.53406,1727.3684,1152.9718,2567.7803,509.67227,648.17865,480.41885,98.14372,2223.7402,887.154,896.01556,1496.2133,890.1834,263.4958,556.03033,8.341659,0.0,1539.9955,35.224472,215.46477,2146.7166,1163.5668,603.4847,2928.7825,231.4154,289.4756,1451.4606,384.42642,57.935898,52.7636,470.5871,1882.4213,1936.3109,355.12695,4.24778,406.41006,723.18494,2482.2844,67.41251,29.495432,3141.6401,0,BIOKEY_19
BIOKEY_19_On,263.14462,1713.4922,1307.0667,2734.047,1021.8761,2021.4655,567.46063,234.65456,1269.722,966.6054,224.50278,1741.5123,150.77676,174.42813,1142.4619,0.0,1181.1998,118.09649,1040.9658,2410.0537,682.7285,642.2356,175.58862,345.20145,216.72078,230.69145,94.11607,41.009235,3218.3223,1554.2383,834.5938,710.9745,42.200672,1362.7573,54.849934,182.81398,336.24603,2137.1855,0.0,282.15372,957.48834,300.484,25.157936,2193.1733,531.66266,936.8355,1096.8779,4098.7954,0.0,69.42822,409.49854,2177.0513,1148.4655,44.639744,379.2898,0.0,1103.6917,33.73152,1412.0303,2194.558,5063.1523,3005.9631,508.5588,30.1177,103.33009,0.0,1291.4872,686.12164,72.81795,536.9332,160.13171,3291.2122,88.00295,2317.8562,2020.9825,242.89427,47.368454,3341.481,268.75125,200.61246,295.7996,1487.2976,630.084,344.29898,2372.923,1190.9448,332.06757,5345.617,1345.8235,390.33362,5545.797,245.91806,3947.3027,2805.123,58.79865,562.54974,449.70572,194.67204,296.20447,666.1284,186.13084,369.02588,1612.0942,8.084261,11.526651,446.95877,54.11693,873.3643,1810.9648,2038.8579,365.13568,198.31265,1008.5774,1838.2192,2285.6123,1779.526,2985.3745,1359.1918,55.515076,2105.8413,833.0735,2167.1047,35.976727,562.0787,711.91235,3.9597716,564.2861,212.47725,983.62213,929.2999,1782.1975,1672.1268,196.56499,26.65774,513.1914,1153.2063,699.0064,1816.3374,133.51877,83.34735,32.6469,39.507355,222.33075,405.4884,1969.8577,1414.4548,2694.8098,633.89,943.48975,484.83624,275.745,2086.5142,773.18225,873.859,914.05225,987.34033,151.8775,1010.38043,19.743647,0.0,891.2836,74.46384,205.8871,1748.304,935.707,801.674,2513.0046,221.6074,242.39,1382.4146,437.87283,41.041744,108.21069,416.04367,1766.2657,2235.4485,241.66965,0.0,689.16925,699.0883,1891.5952,58.963238,17.015558,2485.8447,1,BIOKEY_19
BIOKEY_28_Pre,796.0734,1844.1292,1543.487,2170.6482,2211.9756,1413.0485,941.3776,311.66183,1567.0148,543.88385,464.8449,939.54144,251.35855,0.0,1008.1397,0.0,161.76738,761.5417,2542.528,2977.5193,223.59726,320.40735,106.14442,273.9794,236.63878,385.71942,95.753044,578.1905,2236.9644,2035.3987,381.29553,780.9116,941.85016,1340.253,0.0,858.1974,156.10704,2191.8428,85.42571,401.8399,2349.7253,341.12665,94.78829,666.7458,1296.7734,975.1815,4123.4434,5704.9653,130.32574,278.70267,32.972385,2195.2258,1822.012,0.0,813.0608,0.0,1105.5514,0.0,1130.2103,1716.0193,1900.7595,3543.3855,1472.7375,0.0,0.0,0.0,369.15048,385.5308,0.0,1174.5867,797.4465,3210.3037,842.4486,1920.7035,2040.3126,90.051056,0.0,1887.2487,792.21545,83.465866,843.6704,715.02655,773.2836,1248.3383,2527.8455,1256.8326,395.69965,3287.8958,365.40793,789.56635,1210.2982,83.338974,2403.7744,5416.185,231.23773,0.0,490.0045,586.08997,271.96155,609.4861,151.9254,753.1899,1891.6854,0.0,41.487957,447.8257,96.09491,718.5127,767.12396,778.984,276.62717,206.6168,551.1996,1390.6986,964.84485,1182.2672,1904.0918,1008.92303,15.480853,2182.1526,1215.1161,1774.3408,65.79612,732.6505,326.80203,0.0,885.277,110.84432,918.8514,892.31335,996.2561,1657.9973,390.0081,153.38193,425.77728,737.8838,660.4596,1509.0808,43.129875,117.89623,15.416688,19.613138,117.98445,510.44022,1872.9329,1376.5555,3131.3628,1196.3518,749.5658,665.8491,182.03978,1232.2628,783.2293,785.8083,1002.26666,393.67816,143.08871,1249.4932,71.49093,0.0,942.03937,133.65172,107.47377,1501.9034,470.35846,143.54355,1334.9532,203.51183,313.5661,1899.592,252.33455,38.05929,76.38615,439.2741,1847.44,1470.3752,326.11737,11.988204,460.18173,547.97314,1801.4048,86.67861,28.292143,2607.5896,0,BIOKEY_28
BIOKEY_28_On,421.57397,1528.1072,1651.0667,2522.34,1912.4481,1573.8351,760.0885,109.26003,1851.8657,973.22516,1420.9487,1452.7847,298.6553,109.06447,1189.6808,132.01518,652.4395,286.82364,3714.0754,3748.243,254.52054,395.80563,289.89496,306.5809,767.6984,611.04425,194.13268,197.08623,1986.3855,834.14667,649.37524,1247.7922,2497.5557,1335.7736,242.1093,1157.7592,207.20992,3499.3635,212.707,240.34245,1044.6289,205.49043,331.61856,1540.4186,680.6759,1222.0696,1879.2491,4929.111,10.51995,126.52915,69.70623,2276.1384,2341.6875,26.450268,549.5459,37.163498,2377.0125,29.951443,2653.5137,3514.4526,4524.954,2895.885,447.07925,75.22982,93.80607,28.456947,1189.2577,333.575,47.606632,3360.2034,840.4503,4940.317,256.5181,2040.4153,2254.772,334.36197,25.30544,2825.7861,566.7348,117.971535,1328.7626,771.8751,1196.8713,526.74615,3448.2595,902.0645,53.24665,5051.3975,453.1634,906.4633,3932.062,129.78288,4124.5957,2329.8203,130.56454,26.831675,53.45927,1980.5168,223.08076,822.649,182.05067,1021.01056,2260.902,0.0,0.0,370.7875,196.91168,1084.7947,1395.3036,1309.3677,126.18453,0.0,194.55045,1310.6869,1541.1467,1998.3372,2188.664,2883.3064,0.0,1707.1268,1555.8158,2169.618,0.0,2184.1199,1424.2355,0.0,767.6829,65.1151,1446.0691,763.7039,799.9759,1978.6432,115.87256,0.0,906.3477,1412.3215,537.2252,1847.481,0.0,0.0,0.0,81.12372,140.40976,232.44041,2183.9927,1865.8956,3384.8054,1199.2617,1078.7805,1374.4307,406.84756,2135.3027,376.22092,778.4489,329.5757,1109.7848,0.0,1276.3798,0.0,0.0,258.79852,145.85956,502.03818,1206.7356,1141.1156,2031.7717,414.63257,521.7916,642.86176,1475.8494,962.1524,0.0,53.45927,527.1481,1136.1992,2096.0044,137.8828,0.0,1603.533,385.10287,2031.117,64.19357,0.0,2015.9071,1,BIOKEY_28
BIOKEY_15_Pre,1253.7389,1720.7206,1434.544,2296.656,2226.6077,1064.6569,1383.554,227.974,1474.7102,537.709,634.1591,845.9511,384.12204,13.199756,614.4599,10.941232,210.11438,1744.4006,1969.4818,2315.7354,683.02765,303.39545,167.30167,330.9863,247.46655,454.46436,34.039837,694.317,1391.6499,1217.8959,493.30713,1085.0712,880.17633,1145.7496,66.26005,1306.1304,233.37845,2219.0752,11.188575,633.5543,1830.204,190.84827,71.49049,564.7117,2023.6733,876.53455,3993.2612,5413.3467,164.93117,196.06984,60.527573,1437.5438,2629.2866,7.117707,1041.2079,10.674744,1696.8154,0.0,1387.1786,1936.8342,2400.9387,3221.338,1114.5688,14.171996,51.646385,0.0,500.1875,360.95187,0.0,1102.9833,280.807,3352.1113,737.51227,1655.5017,2200.4094,253.37474,54.35361,1807.7035,778.5118,102.50355,625.1761,559.7454,691.0884,1019.8279,2379.96,1335.3502,152.36226,2070.8152,466.12512,925.6339,967.45105,104.457214,2546.6282,4918.2754,180.562,0.0,331.46976,576.5575,128.1475,576.3217,187.3754,331.4053,1718.6444,0.0,27.955732,506.6226,62.628277,860.00104,1476.5203,1212.05,266.11923,385.55136,914.667,1737.9583,1320.0463,1595.8679,2806.132,614.0672,46.126343,2163.6882,832.62054,1226.4717,50.215824,737.5769,165.20058,0.0,139.4857,173.3564,1413.1052,992.25214,1463.4585,1459.0111,381.60904,116.58043,611.3872,935.29346,414.96466,1482.9268,179.66412,180.7287,44.783848,72.628494,428.41306,124.58864,1572.6416,894.17474,2222.595,538.70483,432.9181,538.22656,117.2037,1151.1166,695.74176,1013.609,1129.703,223.00179,75.219185,1248.2595,16.564337,20.355246,602.75696,40.346905,178.37445,1225.6351,772.8763,506.88336,2355.732,204.6868,520.58704,1505.6292,351.86765,60.13932,65.55655,568.6303,1040.0085,703.7854,265.49692,19.007732,1166.5674,693.81934,2058.0168,50.794655,37.348278,1741.2063,0,BIOKEY_15
BIOKEY_15_On,1664.5718,1345.0664,2243.8518,2896.757,1826.7751,1594.4783,589.5276,114.188614,1862.6819,762.44666,708.37177,1516.5118,227.3987,323.9204,969.8021,229.45847,1261.8225,562.98773,1635.976,3540.2542,484.21768,548.2292,350.92682,152.48093,604.75476,392.6219,133.26802,162.19116,2802.2664,1094.0825,632.746,1112.561,555.9401,1485.0063,117.63713,1335.3884,388.84457,2828.4219,34.052044,332.71014,1349.2009,342.3922,162.85368,1966.0531,1114.2748,1374.3206,2426.0693,4364.034,108.90402,103.80991,50.22852,1751.626,2040.0052,8.999196,604.49774,13.996394,1604.4697,21.044989,2309.506,2476.595,4992.097,3103.8877,460.74747,41.769703,273.73322,9.535651,1523.3502,667.2194,6.8190336,1930.5531,523.8123,4618.0273,346.47556,2229.6572,2376.8772,365.19888,15.051,3285.4224,230.17293,184.1426,974.2539,1413.016,1621.5914,739.40375,3253.6597,1127.0648,85.31197,5435.2803,1295.2523,943.3667,4106.8525,142.65192,4978.957,2183.3599,157.49652,387.84174,327.1636,753.3399,203.8985,911.8185,103.67681,763.3773,1729.8468,31.87095,0.0,352.96146,234.54842,1124.3323,1268.7183,1494.4911,166.59319,278.0044,488.6419,2001.2927,1708.3662,1773.8154,2743.0662,1138.2019,0.0,1950.7607,1666.6799,2461.2505,44.069416,999.7138,742.2832,0.0,832.69324,209.16402,1924.7938,1808.4491,1938.2664,2088.457,247.48058,0.0,1349.2512,940.97485,666.17523,2137.7869,110.26203,143.66568,0.0,143.4996,220.03996,661.5719,2040.7396,2047.457,3034.8655,1065.5272,1245.2925,1255.766,234.53622,2348.8567,996.6134,1050.4338,850.1572,1528.1592,49.917965,1734.9456,31.87095,0.0,1420.1373,131.14136,323.4732,1821.488,1669.1417,1531.338,1709.271,278.37082,493.70648,1848.8738,868.1094,35.50656,0.0,515.82623,1775.0596,2375.8608,304.53958,0.0,1890.6235,439.34564,2004.6727,23.042215,24.107296,2574.2268,1,BIOKEY_15
BIOKEY_5_Pre,465.40506,2233.7542,1722.9628,2769.3281,1749.867,1615.2457,1175.7059,386.82675,1554.1461,626.40063,170.40295,1235.0204,346.69434,0.0,1379.7916,49.58499,556.1477,165.3437,1468.2063,1526.0232,108.71795,359.7196,246.28247,284.01627,343.78113,396.7423,102.414154,156.45186,3227.5073,3641.5178,488.79233,849.4332,83.62484,1417.9355,224.60786,172.47862,146.62282,1758.4325,0.0,232.94705,2845.0312,74.46407,32.127014,1831.3281,1819.0493,1572.3036,1686.3041,8204.4795,68.01668,197.23909,182.6742,1868.1884,838.6376,0.0,964.80896,0.0,1064.1714,13.579407,783.5641,1824.7078,3563.302,4941.182,1525.5576,0.0,23.793236,0.0,803.0584,212.11433,14.060166,1139.0686,1316.3318,2994.5813,134.51303,1839.3798,2387.2756,216.34888,131.69476,2234.2483,869.2564,236.30458,405.64215,952.35345,699.6787,716.66174,2622.3105,2285.0706,296.83447,5130.26,1207.1482,930.2262,2386.5696,14.096483,2388.13,4784.8647,148.23149,0.0,577.6638,418.9547,59.072964,659.2069,253.52373,204.39026,1452.4191,0.0,0.0,645.04565,59.072964,521.22906,1430.0941,1167.22,478.72916,0.0,895.41754,1633.9165,1779.357,955.1998,2268.068,450.58603,46.860497,1959.6736,1465.4207,1521.8944,83.400925,198.28236,307.37814,0.0,330.59106,227.29474,1334.456,1314.135,1458.295,1408.1594,203.22734,352.23334,753.4588,924.4641,420.00864,1703.7034,195.87315,131.62535,64.644394,0.0,309.69907,267.2892,1646.4818,807.5572,2656.9697,643.83264,222.5776,631.7295,0.0,1799.0421,527.5381,1074.6626,1140.5718,521.15027,314.40573,1072.4503,0.0,0.0,764.77734,0.0,53.4103,1066.0911,468.63937,518.6357,1903.1707,566.92786,425.53238,1752.8896,367.70145,146.12857,121.17636,573.88794,1183.3671,1648.7319,703.9289,0.0,1069.0376,526.32275,1917.4055,246.69658,0.0,2058.981,0,BIOKEY_5
BIOKEY_5_On,943.1987,1289.9098,2156.0317,2781.9722,948.191,2005.9233,630.6371,190.34239,2143.9597,1477.3843,806.8693,1673.8083,224.71846,337.27423,2351.6062,157.46378,2355.3655,32.79526,2409.0874,1840.0453,181.78676,618.2355,421.19772,38.709576,689.47,560.4404,110.85712,77.56743,3893.8137,2508.495,526.3047,1226.2914,920.18805,1607.1447,437.58673,560.8937,285.2708,4119.9336,23.306732,78.27215,1396.9038,300.6276,110.652855,3518.9778,1015.57837,2368.9973,1556.3176,6217.611,0.0,47.451633,83.57604,2835.6387,1904.606,0.0,425.95868,21.209026,1811.0636,0.0,2350.8174,3185.5154,5139.371,4675.357,377.53546,34.93824,187.9636,0.0,1401.6091,835.7261,62.495316,3424.5356,1577.938,6063.595,157.29018,3180.3784,3228.9653,151.70456,21.209026,2655.364,558.2993,372.2356,925.1813,1426.6764,1781.4493,436.2176,4164.417,972.4742,151.80722,6770.005,1096.0457,565.01825,4623.2285,14.751126,4552.169,1298.8116,33.338722,65.747536,81.78582,562.6199,692.08905,873.8092,84.84057,724.05426,1786.6671,0.0,0.0,329.0384,177.12581,1403.781,1469.0785,1510.0154,34.64339,0.0,503.75012,2193.4001,2127.7466,1808.8401,2163.4143,1648.1984,0.0,2135.7183,2070.6575,2024.9335,0.0,1343.8698,907.3256,0.0,1049.5688,153.04495,2357.293,1766.8871,2102.5527,1552.5037,120.08805,226.05989,1478.6085,1623.8408,1112.108,2063.1348,35.793453,0.0,50.101482,90.4865,285.99106,550.14874,2244.0574,1422.137,3630.594,1359.459,1201.9658,1033.4874,493.85928,2072.9602,530.28674,1058.6868,578.6169,1248.3167,79.34812,1858.6954,0.0,0.0,1049.492,141.39337,401.60532,1423.1707,856.9876,1563.388,1752.9492,616.925,416.33795,1952.8402,1078.855,90.16776,39.80762,422.52676,2126.1372,2471.7107,193.28288,0.0,1896.9347,499.6175,1851.4452,76.424736,0.0,2526.1157,1,BIOKEY_5
BIOKEY_12_Pre,547.57526,1840.4238,836.6218,1954.8959,1924.6869,1658.6731,741.6142,504.9549,1333.5287,554.196,177.72525,1088.9628,198.30156,0.0,1106.9304,28.828403,328.05472,500.41162,2291.993,2573.6318,1013.5098,323.18292,165.03722,194.96292,223.48161,285.774,57.387444,334.72787,2820.2075,1835.9121,687.7765,744.66516,174.20786,1005.77264,83.39987,633.4729,118.01426,2286.0225,0.0,371.70453,2181.5278,222.57693,147.78546,1534.2031,1394.5911,1272.7701,3350.8965,6060.3193,197.39331,312.79492,64.263,2200.2275,2180.638,0.0,720.2391,12.781188,672.0485,0.0,1160.4045,2027.6134,2899.8203,4012.9502,1080.8875,0.0,92.30706,0.0,409.1194,283.88965,0.0,876.0916,321.3719,3419.1497,1000.7564,1326.94,1795.6853,109.84396,96.881935,1411.6599,497.92218,173.3976,522.1776,876.37085,856.6839,1031.078,2315.528,1800.5736,682.36395,3727.313,486.60834,923.34265,1518.8186,55.44784,2354.5425,4766.7236,71.27938,37.934597,371.14752,122.478745,244.68484,526.17346,212.17285,162.31859,1164.73,11.996418,31.656513,528.2102,86.81592,622.0501,803.21356,596.24115,297.096,119.60322,964.8753,1392.4755,1486.0542,910.02435,2549.9114,345.65137,25.173523,2311.8755,309.47018,961.20013,46.840263,538.78845,511.0482,5.563115,677.37317,215.57928,1329.9137,978.8367,1079.358,1349.3763,199.67767,80.8928,488.61227,979.1531,299.83624,1445.0868,248.34113,173.3537,34.435135,20.546843,240.12971,166.33221,1605.939,920.46783,2703.2239,455.5994,370.27173,417.86737,291.78156,796.3375,120.61018,1137.3447,1019.7021,236.1206,155.03569,791.84033,41.902252,37.721127,246.3781,42.99291,129.11185,1187.2854,523.6715,475.45206,2075.4238,191.0154,470.64526,1559.8973,348.97653,40.665287,78.24838,674.0663,1223.2034,1223.9548,341.28052,26.80294,843.4308,1107.2786,2133.5435,86.56572,31.554842,1047.8383,0,BIOKEY_12
BIOKEY_12_On,1050.5831,2472.8333,2266.1687,2318.8044,824.40967,1639.1217,533.6317,146.64102,2081.8486,1169.0176,1005.60034,2315.4434,225.46973,232.49855,1156.6517,42.677593,1442.1324,301.98596,3158.2454,4186.45,366.99594,500.61697,592.77075,109.54821,1144.124,712.1483,126.5489,151.64255,3169.6829,1557.1,1126.8176,1303.5737,704.8377,1961.1775,89.69803,1074.2029,238.36824,2843.812,41.346672,151.77963,994.4645,321.53125,203.51141,2544.4375,1524.5605,1933.1783,1868.2726,3828.2332,192.2357,75.72288,150.24315,2763.7834,3612.8242,6.6898828,564.8218,39.160217,1265.773,6.7349367,1497.6796,2899.9717,4872.8765,3503.7668,618.1213,10.352536,121.18029,34.54194,905.9827,821.8575,19.681398,2724.2644,722.9544,4440.354,265.44495,2517.351,2731.0586,159.89726,18.823156,2974.2722,328.5503,218.02567,1227.6967,1455.9038,1155.9819,487.17728,3813.2234,1164.7526,115.88173,5275.7334,825.4075,599.9691,3781.4502,241.00558,4196.3423,2470.281,147.4706,77.14196,455.08185,972.30743,219.5311,698.20624,156.73811,1289.12,1364.6501,0.0,15.8545265,404.01645,116.40768,874.4829,1017.9541,1048.4355,314.44968,171.2831,958.2023,1496.6212,1925.6677,2254.0442,2688.1072,782.20605,8.29234,1885.2935,491.75717,2259.8813,8.152012,991.6994,1033.247,0.0,875.22644,123.28117,1911.039,1670.4333,1652.5481,1572.3641,125.43853,9.054596,660.0784,1291.2704,718.33936,2266.7732,134.43956,25.802732,17.205069,82.31808,217.49644,331.86853,1651.3281,1202.1566,2638.0774,491.7736,1126.6494,891.6035,311.21,1985.8502,1455.292,816.41614,830.993,1119.8453,26.30557,1175.3218,8.41681,10.387538,1090.6761,67.71001,329.3458,1548.4558,826.4717,1349.0585,2008.6097,515.7453,397.9181,1635.3618,657.69446,19.051016,74.455635,579.44025,1113.2274,2073.9155,348.34647,0.0,1408.6256,689.7483,1911.3081,33.622402,64.38164,2346.4854,1,BIOKEY_12
BIOKEY_31_Pre,1353.772,2441.5566,1739.514,2403.2305,1841.2195,2195.877,2010.3506,45.01068,1882.8964,826.19476,73.54855,1371.3258,329.05563,0.0,764.12946,0.0,95.7569,1377.7972,3819.5593,3478.1802,341.48743,298.74356,307.68494,450.58075,489.06345,386.63745,34.853935,199.58794,1235.1902,1444.5944,540.7899,1030.4667,1029.1632,1893.0447,28.134764,925.38434,264.64468,1855.8705,0.0,312.09897,1214.9838,71.64228,78.345245,880.0197,1757.9613,1198.3207,3716.4585,5449.6646,263.13666,218.24207,0.0,1669.939,3682.2786,0.0,353.76672,0.0,1289.438,0.0,1309.1394,3009.7114,2153.3865,5159.886,1600.3354,0.0,71.92126,0.0,624.25085,241.36699,0.0,1754.1615,1064.6097,3255.3323,649.09827,2844.1714,1821.7002,583.0612,81.587204,2076.364,1433.9468,45.445526,803.29346,860.62933,733.0423,1214.0308,1741.0995,778.2818,68.72475,1775.9263,690.1031,682.2709,1921.9729,0.0,2671.4812,5284.4463,183.5449,0.0,382.88412,222.09772,200.64258,401.75317,224.3399,352.93878,1250.2245,0.0,39.992226,965.26935,89.56129,617.50165,1245.8052,1084.6052,292.347,400.72202,583.70105,2002.1077,1628.0653,1220.4329,2828.037,723.8063,0.0,2088.947,580.37463,974.4526,96.14418,569.4456,426.79507,0.0,385.33704,178.52798,1214.6606,873.1927,720.70074,1418.9459,142.4803,60.897087,472.84787,1218.6073,892.74994,1394.2898,110.14196,161.27664,0.0,102.62969,796.20056,99.3406,1869.7977,1273.6707,2571.2039,538.3793,585.6459,766.22577,347.26578,1246.83,210.27899,947.88367,704.7617,139.96867,46.37957,924.43616,0.0,0.0,517.31006,0.0,406.18594,772.8477,639.6671,638.2429,2409.4546,404.29108,242.72249,1202.6335,482.76004,0.0,149.5073,367.30948,892.5298,1084.8903,421.4964,0.0,1028.3052,760.236,1881.7688,194.10634,0.0,980.1049,0,BIOKEY_31
BIOKEY_31_On,1020.6073,2288.5876,1684.6073,2533.5623,769.83655,2084.923,449.7003,65.178474,2306.077,1253.9863,807.82996,1827.4763,340.72726,256.0912,887.1966,109.25543,1112.8612,653.35803,3642.8616,4437.327,244.30014,587.165,625.88763,143.55643,920.3534,427.77783,76.04765,176.80916,2131.0151,970.88635,984.2254,1134.0984,2173.5845,1407.4985,33.913055,1112.6549,220.7679,2222.8672,14.863356,270.32715,903.6868,260.81555,157.82428,1658.6288,802.15753,1118.0142,2363.9749,3824.132,83.513885,34.81769,125.232315,2722.4753,3464.299,16.193138,419.53186,55.31813,1320.4852,13.682749,1698.4761,2782.9272,5246.3213,3968.407,483.2531,15.686386,248.14534,31.00199,1320.7073,743.8168,23.772078,3258.0266,845.71655,4331.658,316.93677,2072.2285,1850.1869,423.34946,36.96615,3072.244,233.74495,87.271805,1116.4928,1329.8158,1302.7803,677.8092,3110.2065,618.04803,72.471596,5276.905,715.9324,503.07474,4111.8735,97.16632,3289.352,2981.6262,150.33855,0.0,242.6612,433.33234,204.70914,501.88037,36.18172,915.3563,1418.2588,20.471613,24.623775,525.7033,66.83525,1124.4514,1962.5111,2665.8557,120.08926,145.34666,676.6744,2131.7778,2253.0037,2291.2612,3118.3853,1109.8777,0.0,2040.415,666.4527,2518.4275,21.872137,1263.347,506.42126,0.0,406.40475,129.54488,2007.1871,1393.097,1798.3698,1824.0095,337.1765,0.0,1192.7335,1011.77466,544.8355,2376.809,17.021606,103.63498,18.016426,41.90697,331.10825,63.246727,1784.9242,1042.2103,3037.411,605.6305,659.2825,616.297,354.55966,1882.519,1020.3603,819.2647,675.4121,766.2881,105.40513,1461.9174,0.0,0.0,838.14526,65.72453,751.64746,1723.8048,647.84674,1466.883,2303.9941,658.521,462.41785,1460.5881,645.5275,0.0,53.02897,364.7242,1476.9868,2151.1929,193.41663,0.0,1715.466,694.981,1972.9352,0.0,40.571667,1993.0769,1,BIOKEY_31
BIOKEY_20_Pre,0.0,3771.6443,786.617,2489.3442,2040.9849,2207.8655,1626.3303,497.1285,394.03278,615.14325,0.0,0.0,394.03278,0.0,0.0,0.0,284.42395,0.0,500.6661,1783.5192,1122.4382,0.0,0.0,886.03485,394.03278,0.0,0.0,1051.1337,783.0794,4209.355,665.76483,0.0,0.0,394.03278,0.0,0.0,0.0,1938.2216,0.0,894.6989,3520.282,0.0,0.0,2203.3596,1648.3882,0.0,2996.769,6757.2,497.1285,0.0,0.0,2003.6602,894.6989,0.0,1245.391,0.0,0.0,0.0,1583.197,1841.1271,3109.7449,4878.8687,1393.2318,0.0,0.0,0.0,942.8091,285.9509,0.0,676.23834,497.1285,3239.7468,946.38654,786.617,1227.01,0.0,497.1285,2347.839,946.3467,0.0,445.68057,500.6661,0.0,3104.733,394.03278,1392.067,2129.2664,2368.5388,1980.6747,1207.4485,2486.708,0.0,2673.5757,7114.3545,1053.5884,0.0,220.89084,39.66984,273.10477,927.35846,255.7507,230.42883,1586.4825,0.0,0.0,449.05212,65.56043,862.3881,1166.0558,852.2955,348.50522,0.0,572.73615,1280.7684,1745.7401,1069.6167,2395.93,182.43321,41.445473,2199.1726,1187.6201,950.3101,15.387992,358.89493,35.971874,18.516016,104.249344,156.16174,1120.2516,1542.8367,1913.1841,1107.0032,644.1275,0.0,613.97565,670.61426,600.0229,1465.1011,0.0,78.31568,17.616854,14.153151,174.81714,110.80711,1476.5239,781.1041,2893.7092,858.45374,327.09808,268.1113,276.3131,912.53217,203.09387,764.9752,1021.3399,89.14401,194.47437,1254.0728,57.792736,37.04893,201.75836,18.055315,149.1728,1469.2551,511.64474,307.84628,1603.0011,66.70357,311.9174,1851.9146,377.99237,0.0,58.79659,565.68555,2162.8833,1212.0996,166.92096,20.100674,693.38226,403.22745,1795.1694,88.2141,35.16743,1379.0819,0,BIOKEY_20
BIOKEY_20_On,332.46384,1486.6714,1258.1097,3405.5923,770.0203,3158.5737,609.8477,576.63806,838.7503,805.05255,313.59268,1213.3235,143.06914,254.57455,1221.5552,280.40515,1028.1096,0.0,393.336,2012.3752,494.0074,376.88953,233.46124,287.3026,238.1979,172.5927,171.58296,0.0,3446.9377,1758.721,831.546,794.05023,155.38182,1115.348,259.403,270.21133,320.45844,2624.0938,35.02464,573.26306,1550.5101,428.05795,41.92537,1844.4381,596.44836,1144.6849,2088.057,4298.3223,87.57052,155.1425,176.97293,2163.1392,833.74976,37.571804,683.35974,0.0,859.259,41.888832,2334.3997,1732.3964,6087.5254,3782.4485,365.2384,31.910822,35.02464,0.0,1116.8611,1775.2454,0.0,829.0405,180.14236,3672.119,738.16077,1828.9186,2358.127,143.84163,0.0,2812.6414,354.0704,302.59454,465.72687,1450.1946,889.3969,696.8103,2608.5674,1027.1188,423.95593,5341.6167,1102.7504,931.4917,5013.385,228.03983,3275.3984,2948.1128,154.45667,306.49133,121.39682,869.87445,481.36368,1047.3424,187.47307,618.5417,1856.0875,10.31942,12.205139,347.3138,99.19274,1249.0021,1281.7144,1660.3615,164.34065,0.0,237.03145,1500.0195,1613.7667,1184.4135,1634.5045,1128.0613,90.84352,1804.3044,2233.5293,1895.2029,8.060276,735.4544,231.13634,0.0,986.5748,48.874275,1259.8856,1408.7052,2055.0332,1605.5795,478.9325,0.0,794.7525,614.7153,1490.3373,1846.6,56.71716,57.65103,6.2247324,91.150536,165.63765,328.1629,2385.8594,1258.7163,3429.6746,1664.7732,1241.8645,731.3909,300.39642,2252.8013,623.0395,820.49335,574.06104,648.9423,140.5852,2134.1953,0.0,26.338121,1009.8489,75.92209,130.19283,2336.2769,461.03006,454.81213,1103.2706,243.94255,480.88257,2186.9194,324.62088,7.9324284,42.635582,389.95642,2492.8264,2643.9644,147.46979,14.727021,843.36896,398.9915,1658.9589,5.95208,66.84611,2430.2312,1,BIOKEY_20
BIOKEY_29_Pre,0.0,4064.938,425.18253,2931.424,1471.5795,752.6002,825.40265,0.0,1163.0497,253.72769,0.0,724.0203,668.48615,0.0,0.0,0.0,909.322,0.0,425.18253,0.0,2164.826,0.0,0.0,0.0,0.0,0.0,0.0,0.0,2851.051,6298.197,845.0566,425.18253,0.0,425.18253,0.0,0.0,0.0,1345.1995,0.0,0.0,1650.3506,0.0,0.0,1849.3959,425.18253,885.1255,4786.407,6781.067,668.48615,425.18253,0.0,4230.6816,0.0,0.0,1422.7904,0.0,704.36646,0.0,253.72769,1411.5737,5080.9404,4608.8423,405.52866,0.0,0.0,0.0,1525.5536,425.18253,0.0,0.0,0.0,5167.6333,1974.3647,1572.862,1168.7971,0.0,425.18253,845.0566,1756.345,0.0,0.0,718.7118,0.0,890.434,2908.5894,3214.491,0.0,4353.495,0.0,934.0783,1042.4813,0.0,1075.7357,5979.8037,425.18253,0.0,360.682,324.35684,141.76347,753.0424,146.1367,318.27655,1327.3728,0.0,15.060716,433.5171,56.055996,771.0915,855.8907,769.4581,139.9371,104.15275,867.482,1753.4817,1662.9054,1077.8519,2807.549,439.0461,85.070114,2117.733,899.1518,966.7969,35.548878,495.67868,202.4878,0.0,172.2076,96.54681,931.63684,916.8448,1465.3306,1218.0562,385.22705,15.025239,345.56592,785.0656,474.46133,1776.667,193.46916,164.59206,71.602165,15.324863,335.26074,93.67579,1764.14,1065.4031,2830.7288,665.8735,332.64386,328.5292,233.62967,917.4856,425.96432,968.97864,960.6709,382.1717,127.96199,957.8871,35.410286,19.206472,147.8526,0.0,118.025536,1493.8828,218.63301,656.96515,1990.5004,254.5763,465.07278,1600.6781,284.57727,0.0,49.15091,571.2271,1689.115,1586.8741,347.92212,0.0,616.18506,714.42114,1728.7678,106.66181,0.0,1773.6223,0,BIOKEY_29
BIOKEY_29_On,951.37415,1664.8025,1429.7516,3904.8408,2380.0188,2415.0999,541.8174,0.0,1626.3802,1145.1722,821.5508,607.1185,0.0,789.6386,1372.0564,0.0,705.8634,129.71904,1078.757,1711.3235,442.0623,240.93794,174.20091,129.71904,627.26807,448.33136,271.13654,0.0,2257.7646,1193.9634,759.9018,1301.7573,0.0,1117.4025,0.0,890.37836,458.8821,2795.431,0.0,609.07416,853.9415,344.7662,174.20091,1313.2911,1549.5156,473.88046,5373.4517,3429.7153,180.61981,316.7889,403.00742,4613.2354,2338.105,0.0,659.67786,0.0,3151.6396,0.0,1886.896,2035.976,5084.327,3000.3193,514.2263,0.0,0.0,0.0,243.83487,1688.2428,0.0,2184.6846,445.73038,5976.9204,2180.9539,807.73303,2898.1887,0.0,0.0,1426.5575,583.93384,0.0,504.4334,1818.5697,334.51147,1036.5367,3010.7876,1290.6029,0.0,4478.3105,369.14667,938.4256,3984.897,0.0,3964.3481,4570.7964,0.0,0.0,203.92871,703.8962,752.0159,771.9436,0.0,379.02197,2175.9873,0.0,0.0,510.25156,145.33603,656.48566,1410.0162,2293.0808,68.65087,0.0,598.789,1859.1296,1177.5325,770.8589,1972.0676,1156.4866,0.0,1701.182,1633.1576,1990.0638,0.0,714.17737,436.82532,0.0,302.8865,0.0,1008.85657,1298.081,2009.4963,1409.3344,244.72258,0.0,494.86057,1075.1562,1426.4828,1676.1925,0.0,188.84164,0.0,61.635952,145.52155,225.84045,2045.9448,1535.9573,3399.5835,998.4372,571.1011,426.3056,118.81617,2191.5134,1211.5902,287.4576,597.5844,689.21405,234.16081,2405.714,0.0,0.0,1602.0472,79.33141,468.44415,2086.806,792.99176,972.214,850.4886,254.65875,694.12225,2195.6921,206.7003,0.0,0.0,566.4736,2718.656,2572.7263,221.71878,0.0,712.48254,529.80164,1324.8837,0.0,75.03359,2937.4854,1,BIOKEY_29
BIOKEY_4_Pre,343.37067,2244.8088,1287.8687,2644.3413,1791.4384,1569.8646,1324.293,623.90326,746.8811,649.06757,253.27449,734.6413,447.66855,13.834165,795.27405,82.15308,359.712,258.8272,1029.9352,1103.6455,747.00055,354.42056,53.595974,239.01945,214.1938,327.2565,87.68127,283.78098,2437.3113,1499.951,670.27026,849.7458,49.08865,1004.6273,296.03802,191.54044,156.3665,2332.6516,0.0,679.98267,1539.9728,303.27557,52.70996,1018.25104,1962.2845,900.3223,2165.2468,5521.4395,101.851524,253.18793,82.18447,1704.8677,695.7559,0.0,1218.422,0.0,1443.9442,11.549123,1238.4513,1970.9714,2992.8818,4234.2715,862.46027,4.302861,66.87689,16.212498,469.65265,349.13364,16.497467,428.84747,348.88263,2151.5344,810.5462,1522.6849,1861.4138,53.285767,147.18115,1839.594,693.2004,68.53168,254.45729,937.4171,844.84216,578.26544,1571.6233,1366.9849,197.02339,2945.7964,567.0753,1089.4775,1530.9563,111.676216,2103.1345,5173.923,146.70892,17.257685,215.90083,68.33192,129.04587,677.3376,203.75005,132.01582,1584.1315,0.0,21.134844,481.97964,64.058014,548.9939,1258.7214,680.2334,196.56357,355.33392,716.25073,1522.1866,1222.2275,867.32416,3039.9216,425.5445,41.705406,1965.2494,1124.0529,1327.5692,23.32948,811.3509,357.11438,9.765003,254.09842,171.59483,1659.1757,1656.5844,1438.0139,1393.4862,259.69583,150.46617,1181.8131,917.82825,410.03494,1411.5698,122.97499,114.903046,11.78008,114.29714,371.748,61.226673,1792.1831,985.755,2656.0015,455.29715,373.16208,315.36566,244.05476,1603.6667,142.39665,906.9449,794.59204,277.55948,115.066185,810.9517,31.449205,32.317295,330.49008,86.31437,249.07245,1306.2572,448.8236,240.05536,2778.5198,201.39275,334.72247,1484.1396,611.05023,53.741417,33.40931,672.74133,1434.8978,1680.0361,369.99814,22.898008,1446.1746,703.0173,1774.2666,73.92059,25.889328,1300.8748,0,BIOKEY_4
BIOKEY_4_On,393.3957,2146.0317,1955.5297,3868.432,1246.6954,2531.5017,182.23665,535.13477,1436.9645,837.9766,444.3036,1280.9222,395.83032,177.63945,1335.1178,265.3077,1176.6368,11.916616,977.0853,1985.5625,177.25847,323.4114,271.99072,24.249146,507.7949,476.51782,156.27635,132.08444,3405.9734,281.09146,739.3951,1138.2124,0.0,1708.0137,361.78528,411.47324,175.02927,2908.0703,86.54526,268.15536,484.5733,528.0689,85.67112,2400.446,698.2933,1541.8029,1174.2413,1567.0565,167.38597,34.270298,405.22665,2242.6147,1005.6634,43.651592,467.4284,33.181305,1700.1097,24.654766,2500.496,2745.8064,3444.374,3827.9958,117.529625,0.0,95.70175,24.654766,1058.9263,664.2128,71.65068,1751.9619,761.26013,2818.1697,257.62494,2377.449,1830.5082,225.22755,95.69826,3772.4436,25.640087,441.45703,563.78864,1991.2845,1084.049,268.3051,2624.022,1382.6141,384.84998,4668.702,1022.00195,573.8833,4797.737,118.58035,3185.1562,2222.294,108.72885,26.24908,0.0,0.0,637.4542,1022.97217,211.69882,526.94403,2089.5347,0.0,0.0,481.91446,98.21586,261.292,1249.1129,1247.3691,89.1615,0.0,214.6978,1852.9116,1109.2188,687.18604,2254.9841,703.1574,0.0,1811.8319,1893.9043,1127.879,0.0,758.754,675.40063,0.0,925.62317,104.04115,2276.5488,2042.2102,1360.1843,1587.0657,118.85586,0.0,1350.1586,778.3084,1091.4998,1878.8881,0.0,89.1615,0.0,231.01437,98.21586,311.92496,2401.5444,1347.0084,2973.5146,1196.1895,1421.8745,480.75327,375.7288,1556.7042,0.0,802.0616,1068.7949,992.8649,0.0,1915.7147,0.0,0.0,810.52203,153.36691,138.7993,1175.8062,615.4856,370.66928,1885.4607,239.26466,451.4495,1786.1768,857.7854,0.0,0.0,672.22314,2121.5764,2266.7783,205.8735,0.0,1953.9122,240.58386,1628.5267,0.0,135.3935,1227.7584,1,BIOKEY_4
BIOKEY_11_Pre,382.91785,1817.2257,1479.3091,2007.9313,2174.2205,1480.9672,1556.6615,144.53076,855.1298,730.41724,673.522,750.5606,286.91428,0.0,798.81934,0.0,327.53992,599.69336,2445.4163,2582.6855,471.7091,294.2817,47.19569,325.2884,212.16064,394.7024,40.253143,265.58353,1548.3694,2147.8997,308.77374,900.667,252.0162,1103.3018,186.65622,620.9155,78.30955,2431.7305,0.0,310.20856,1129.6964,150.56581,110.188286,690.35956,1530.9188,920.4408,2947.033,5407.843,0.0,299.07693,147.51212,3034.1445,1805.5953,0.0,954.4643,0.0,831.12354,0.0,1837.7632,1505.2043,3316.4602,3945.3838,525.61786,0.0,74.96302,0.0,305.22675,302.82294,0.0,785.316,521.39355,2731.7488,769.4561,1336.9899,2399.5789,74.55926,0.0,2160.2104,721.53485,259.2731,630.2914,587.04456,631.1252,1177.4431,2404.7021,1469.9614,1198.2411,3401.1646,233.61002,1319.7039,737.58545,128.44077,2122.211,5254.043,150.65152,0.0,654.1758,164.93552,69.729485,373.7312,69.895355,468.02103,753.7704,0.0,0.0,541.5715,65.87104,884.5925,1223.8044,1168.2485,0.0,676.13666,607.48065,1956.5437,1689.7539,1797.0178,3613.6416,73.47747,0.0,2385.4614,924.1478,1327.197,0.0,572.11176,317.96686,0.0,152.8611,228.6779,2046.2874,1240.059,1221.5198,1152.8032,248.68944,287.15668,790.34863,1030.0332,430.60074,1661.6332,91.09833,0.0,0.0,97.189026,412.55746,0.0,1434.793,1097.22,3073.8896,572.6876,145.2422,380.64246,234.04619,755.5192,390.32416,1214.3132,692.04816,368.5457,0.0,764.52795,0.0,0.0,358.75647,0.0,159.778,1142.0627,143.87967,295.4466,2851.2783,146.92914,239.90126,1661.6544,350.54962,0.0,135.60052,522.1686,938.518,851.9288,134.55072,0.0,1677.5448,630.9259,2465.401,176.56018,0.0,2610.6538,0,BIOKEY_11
BIOKEY_11_On,797.73,1477.432,1966.0828,2791.0593,1450.9092,1992.1526,594.4194,50.16581,1607.4346,1020.45746,865.8784,1170.294,268.83615,499.72104,2265.2637,13.467935,776.6848,466.04828,2677.7952,3877.2378,208.21745,236.90027,336.723,143.09819,1279.6987,897.1908,107.57815,156.51772,1927.3097,1385.8093,467.33194,1322.3326,774.02783,1340.3477,324.4727,908.8577,98.440346,2831.4377,95.862465,110.30676,608.36414,289.1767,183.43098,1502.7646,909.79315,1236.749,2247.9321,3834.7478,134.79797,88.15367,371.04355,3308.6418,3478.6353,17.632696,682.5901,11.375862,2131.0703,17.25784,1785.326,2899.127,5653.976,3517.9119,307.67038,36.20956,161.75226,12.267096,1051.749,404.8725,66.7187,2799.1426,703.19434,5321.0015,213.29587,1964.0077,2692.696,256.17804,0.0,3067.743,314.84647,335.95456,753.4503,1419.5486,1756.1312,549.7819,3657.1663,1438.9137,618.2065,5639.7163,703.98615,851.2373,4570.546,172.25084,4600.4517,3064.9392,79.3678,23.252947,224.6856,60.487682,310.23837,598.5043,158.37633,1088.7288,1495.388,0.0,0.0,294.83707,154.46011,901.83997,2363.126,2403.1455,57.585125,486.87085,604.2096,1964.5901,2148.4158,2268.4377,2693.3457,579.73535,0.0,2236.1528,1998.2255,2587.3784,0.0,805.64703,576.4949,0.0,366.20514,130.10907,2006.6185,2049.1133,1837.4683,1916.6511,186.5023,0.0,1024.9172,1769.2815,1047.3417,2529.5488,113.80254,0.0,0.0,184.58371,155.63873,171.08456,1988.8329,794.0998,2794.8818,762.7841,816.3607,770.406,349.96848,1926.8435,511.16275,855.0188,593.079,430.51212,0.0,1307.6785,0.0,0.0,665.7848,122.3814,116.69981,1459.7914,711.8384,631.8254,2170.242,270.77338,289.44562,1810.1844,607.62994,0.0,56.566063,460.1696,1862.0078,2108.0093,174.24678,0.0,1750.6759,333.19156,1976.4553,155.5015,68.80174,2573.374,1,BIOKEY_11
BIOKEY_2_Pre,0.0,3019.5183,2682.4998,5107.2227,1060.76,1856.4205,1048.1661,1014.8007,1793.0833,752.9931,0.0,668.0011,859.74115,0.0,0.0,0.0,1423.7539,0.0,1789.0667,2922.5054,1353.875,479.74088,0.0,0.0,0.0,0.0,0.0,668.0011,2552.1538,1332.1505,670.5976,493.6082,0.0,799.7785,0.0,342.41245,0.0,3975.0664,0.0,1188.3374,578.92365,332.57236,0.0,1618.0518,1003.3331,836.50574,1876.0033,6448.6274,811.4093,670.76086,0.0,1552.7715,0.0,0.0,0.0,0.0,380.16504,0.0,2110.4333,2712.7551,1866.5592,4428.096,332.57236,0.0,0.0,0.0,1413.5795,484.98407,0.0,380.16504,0.0,2577.5227,0.0,1164.6909,1692.8689,0.0,0.0,1267.2252,1524.1467,0.0,0.0,484.98407,380.16504,0.0,974.3712,2029.8401,975.8897,3962.634,1143.9817,851.75836,1733.2894,0.0,1875.3098,6305.9634,328.18515,0.0,310.84933,800.58105,121.986176,578.6485,187.7318,302.3474,2131.0195,0.0,0.0,527.12036,78.92364,1000.4363,1454.6765,1216.1075,239.77515,156.99048,538.7894,1693.3335,1291.4852,1299.9819,2906.5793,826.34424,108.31596,2133.5393,873.29315,1412.9635,22.790659,947.70197,266.3379,13.126631,408.54547,181.4653,647.9325,582.53754,1320.2733,1550.75,134.6283,25.087309,361.15094,1044.4635,789.87024,1304.4773,134.38031,206.14842,43.836952,31.40943,519.9386,403.30484,2335.9246,1595.145,2941.3218,754.07886,559.05615,772.64484,150.7754,1475.3198,512.0928,1027.6268,995.0504,267.4386,175.45367,922.15106,46.780277,10.145735,462.20322,68.68991,272.43256,1332.5363,948.2621,877.1436,2300.2046,213.36313,368.53555,1707.039,295.461,29.416338,72.742714,620.0788,1378.1538,967.2527,350.83472,22.860773,639.5146,553.32605,1860.3336,59.805435,79.65118,1719.3527,0,BIOKEY_2
BIOKEY_2_On,159.02724,1672.4813,1289.8882,4455.5215,937.0215,2600.843,159.70837,166.82549,2818.1094,696.0149,125.33143,2516.6714,289.00638,355.841,987.90393,0.0,1462.1882,113.030464,1393.6495,2742.8306,580.4938,586.3824,0.0,43.682255,331.5165,0.0,106.63104,528.8221,3175.557,1818.8733,981.6964,646.7576,0.0,1211.3762,129.08334,0.0,419.5209,1930.7614,0.0,447.71814,537.3725,491.61353,0.0,2582.4553,591.26385,1826.3885,1570.3268,5388.4585,0.0,0.0,199.95096,3848.1196,742.36536,0.0,1049.6244,119.55397,510.02036,0.0,2281.3916,2373.706,6191.9575,2367.592,240.14044,0.0,169.86855,0.0,1886.3486,954.25275,161.37279,986.8593,235.75569,3691.6514,0.0,2343.4053,1717.4838,273.4484,0.0,2636.0366,572.1231,146.85289,166.82549,1595.515,777.6887,119.55397,2790.2415,1605.957,354.8665,6050.39,1554.1737,307.83676,5115.9375,0.0,4692.285,3515.364,119.55397,531.849,305.53482,846.3074,230.04044,656.23193,144.55142,354.54434,2212.3018,26.902697,0.0,431.7125,72.973015,1125.0952,2335.736,2653.5762,253.0239,135.95244,643.1615,1946.2847,1544.8522,1119.5688,2999.212,1408.1975,47.33502,2239.7805,1650.8252,2407.1187,9.273044,854.03796,260.38657,0.0,801.21594,77.46816,556.5088,622.0032,1601.6876,2007.4886,216.80945,50.195362,385.12494,978.22314,710.73816,1275.996,140.74243,93.709236,20.13356,51.646652,201.85597,806.13055,2603.4004,2191.6274,3412.1404,860.46606,1171.5892,847.482,71.67751,2451.3374,824.9584,808.4218,962.183,797.48096,125.17376,1643.2927,18.869179,0.0,1981.3748,111.589645,625.77136,2390.24,1404.6284,630.8984,2745.6663,257.55096,379.415,2000.3328,502.79813,27.402538,79.42659,581.6559,2150.1833,2359.9485,254.62335,0.0,520.5829,595.76,1742.7887,21.786785,104.5305,2705.1604,1,BIOKEY_2
BIOKEY_6_Pre,0.0,2652.4504,623.4036,2076.5396,2179.1836,1196.3287,1327.6741,567.6859,400.0337,1078.8889,0.0,550.75165,511.27798,0.0,400.0337,0.0,400.0337,246.94173,967.71967,732.00653,550.75165,0.0,0.0,476.46408,0.0,0.0,0.0,567.6859,511.27798,1829.6764,0.0,851.5094,0.0,927.2135,797.1759,0.0,0.0,2895.428,0.0,2116.5486,1869.2345,246.94173,0.0,598.70917,1402.1105,246.94173,3049.2122,2763.7837,912.4339,597.6197,0.0,1950.238,375.04532,0.0,0.0,0.0,2380.399,0.0,670.7459,703.84357,4515.0967,1571.3741,246.94173,0.0,246.94173,0.0,0.0,1261.7634,0.0,1384.5422,0.0,2477.0278,0.0,400.0337,1845.477,0.0,0.0,621.9871,0.0,246.94173,0.0,678.85516,623.4036,597.6197,1720.8275,902.519,1677.5367,4083.4822,775.07904,703.84357,2755.7866,0.0,1932.4735,2165.4302,400.0337,0.0,413.79565,65.695526,138.42332,568.38605,252.98802,131.2077,860.86444,17.189064,27.568176,544.89166,51.44931,1280.5055,483.3975,549.40625,271.6934,34.843494,1572.9387,1167.9601,1881.2853,1039.5383,3513.9902,609.3399,34.163345,2237.205,822.4783,1182.341,157.66245,346.44022,206.27959,29.993984,350.266,264.0758,458.62592,842.8502,1268.8495,1527.428,191.94788,10.197298,182.70232,843.3441,458.16595,1543.6597,102.65303,93.803185,31.601488,22.441544,326.78143,57.244106,1487.6987,841.8798,2424.9465,319.5604,255.02567,231.49841,359.0227,1324.0016,116.75545,1021.3278,690.86206,480.79932,302.47864,458.89856,55.082138,18.222826,137.98346,11.51265,250.89445,1352.7618,380.75314,312.17096,3092.682,178.1444,140.54419,1154.0532,368.06256,47.623055,114.20624,671.0478,1650.732,1884.3389,393.77527,19.696636,540.95465,797.5868,1896.3372,47.542957,13.092811,1282.2479,0,BIOKEY_6
BIOKEY_6_On,0.0,1501.5029,2864.3787,3871.7124,1284.7822,3113.8484,1153.9872,332.39398,1839.2236,1625.2676,379.96655,699.7135,0.0,1512.1841,3556.129,0.0,3105.0312,0.0,1556.6163,3278.2195,150.87985,0.0,0.0,283.28522,248.63446,0.0,361.3076,0.0,3465.821,2899.256,793.6745,613.904,0.0,1016.4617,763.9369,106.19387,0.0,5290.5146,0.0,1651.7401,1700.2368,582.6176,0.0,3075.4395,457.08377,1886.1335,2948.4905,5497.485,0.0,0.0,625.4461,5316.8364,510.42764,0.0,0.0,0.0,1941.734,0.0,1694.5841,2216.0352,7521.5747,2929.3025,1291.631,0.0,399.9216,0.0,1385.0349,3483.2295,0.0,338.19095,488.19272,4014.4836,106.19387,2990.6975,3444.4202,0.0,0.0,2806.0002,106.19387,225.88766,649.31964,3279.15,736.82715,921.52606,4425.1357,1376.9246,283.28522,7349.9917,2186.8013,1250.1042,4084.4727,0.0,3304.1755,3189.6055,0.0,930.8451,391.09756,509.9097,226.4382,556.409,144.23763,949.46924,1477.3875,20.422602,2.9815059,366.56198,55.516518,1479.4534,1882.8723,1985.4689,227.13612,50.018776,1229.0271,1532.536,3004.2131,2470.9119,3281.9087,1779.7361,20.09869,1802.079,1121.119,2604.7725,37.654984,804.42694,877.60815,22.217962,988.63525,170.53383,586.9335,815.3342,2123.9998,1838.6084,64.24991,12.64598,261.4417,1540.8547,953.8009,2314.5244,67.44882,28.095774,18.948513,23.013779,77.95556,541.9107,1958.9486,1766.081,2940.4734,651.53864,889.86676,511.38388,901.3437,2191.3862,737.43665,687.09406,670.18585,1188.7161,145.00514,1289.9972,23.013025,2.6845956,683.52936,73.05364,303.05835,1839.9233,869.9334,1283.2683,2729.411,315.66568,227.15341,1513.7499,480.12497,20.099272,63.139988,516.0729,1950.0044,2817.3442,301.79233,9.941078,529.405,689.1332,1718.8397,22.03575,3.3842366,2769.105,1,BIOKEY_6
