sample_id,ADGRG1_T,AHNAK_T,BATF_T,BHLHE40_T,BIRC3_T,BTG2_T,C1orf162_T,CBLB_T,CCNH_T,CD38_T,CEMIP2_T,CEP135_T,CH25H_T,CITED2_T,CRYBG1_T,CST7_T,CTLA4_T,CTSL_T,DGKH_T,DTHD1_T,EGR1_T,ERN1_T,F2R_T,FASLG_T,GABARAPL1_T,GABPB1-AS1_T,GPRIN3_T,HECTD2_T,IER2_T,IL18R1_T,IL6ST_T,ISG20_T,ITK_T,JUN_T,JUNB_T,KIAA1217_T,KLF10_T,LCOR_T,MAGEH1_T,MIR4435-2HG_T,MTHFD2_T,NEAT1_T,NFKBIA_T,NR4A2_T,OGFRL1_T,PATL2_T,PMAIP1_T,PRDM1_T,PTPN13_T,RGS1_T,RNF19A_T,SAT1_T,SFMBT2_T,SH2B3_T,SLA_T,SLC2A3_T,SOCS3_T,SPON2_T,SYTL3_T,TAGAP_T,TGIF1_T,THADA_T,TNFAIP3_T,TNFRSF25_T,TSC22D3_T,TXNIP_T,ZFP36_T,ZFP36L1_T,TUBA3D_T,ADGRG1_Endo,ANGPTL4_Endo,AP3S2_Endo,APOLD1_Endo,ARHGAP30_Endo,ARRDC2_Endo,ATOH8_Endo,ATP7B_Endo,BDH1_Endo,BRWD3_Endo,CACHD1_Endo,CAVIN2_Endo,CDKN1A_Endo,CEMIP2_Endo,CLCN6_Endo,CNNM4_Endo,CORO7_Endo,CRACR2B_Endo,CREB5_Endo,CSRNP1_Endo,CST7_Endo,CX3CL1_Endo,CXCL9_Endo,CXCR3_Endo,CYR61_Endo,DDIT4_Endo,DUSP1_Endo,DUSP4_Endo,ERRFI1_Endo,EZH1_Endo,F2RL3_Endo,FKBP5_Endo,FPGT_Endo,H1F0_Endo,HBEGF_Endo,HID1_Endo,HIST1H2AC_Endo,ID1_Endo,ID3_Endo,IER2_Endo,IL6R_Endo,INHBB_Endo,ITPKC_Endo,ITPRIP_Endo,KCNN3_Endo,KLF2_Endo,KLF6_Endo,KLF8_Endo,LINC01089_Endo,MAFF_Endo,MMD_Endo,MYC_Endo,NEDD9_Endo,NR4A1_Endo,PDK4_Endo,PER1_Endo,PGPEP1_Endo,PHLDA1_Endo,PLA1A_Endo,PLA2R1_Endo,PLPP1_Endo,PRDM1_Endo,RCAN1_Endo,RHOB_Endo,SERPINE1_Endo,SGK1_Endo,SOX4_Endo,SPAAR_Endo,SPRY1_Endo,TCIM_Endo,TM7SF2_Endo,TSC22D3_Endo,TTL_Endo,UGCG_Endo,VMO1_Endo,WARS_Endo,ZBTB22_Endo,ZNF230_Endo,ZNF487_Endo,ZNF569_Endo,ZNF664_Endo,treatment,patient_id
BIOKEY_13_Pre,0.0,3165.9587,2088.0442,1204.8748,1415.704,655.74097,329.1111,856.9247,173.75658,0.0,707.2113,193.77908,0.0,211.68999,193.77908,202.30354,1742.9117,1174.0049,301.28638,0.0,176.12868,0.0,0.0,0.0,0.0,327.68643,968.2263,151.2188,1275.1362,388.41388,409.62012,2115.1606,1462.504,2620.164,9345.189,371.98303,194.6413,206.10014,724.3331,523.92926,580.83777,1134.2064,4356.402,1202.6587,0.0,108.53439,111.378746,0.0,318.12183,3006.857,2216.1719,1322.1145,0.0,176.12868,2685.6191,1480.2018,819.60016,0.0,275.70105,528.272,1349.4768,280.69626,2589.2827,2231.704,5474.709,1496.7854,3061.769,5987.295,0.0,992.91095,0.0,165.6215,291.77942,0.0,303.83932,375.2779,54.209873,25.084194,285.59885,482.7793,822.848,687.1535,1264.9414,220.19212,80.108864,92.34043,542.19025,92.89368,363.50055,38.41113,302.16907,10.434203,55.10044,411.3963,1655.6633,1579.4802,312.23126,37.16599,437.2559,166.00452,226.9704,104.219574,1070.5049,232.96304,470.17545,779.0598,3280.421,3317.8938,2203.8538,125.74734,195.55762,154.21815,348.54715,501.00958,1134.4543,1378.4905,569.7567,156.28963,262.97623,169.77388,775.48254,445.04623,299.68665,695.7932,221.14584,145.83469,225.72171,117.78808,129.6969,1660.901,151.58801,426.0179,1978.3632,291.08322,1119.0471,1446.6898,245.76234,1078.9854,1068.0571,9.68172,1680.2925,383.09186,851.772,36.73507,794.7366,61.342392,115.24687,81.74366,97.708855,405.63467,0,BIOKEY_13
BIOKEY_13_On,394.61026,1578.8204,2795.0093,736.7986,1928.3279,460.67838,0.0,2424.3567,1681.4448,0.0,2082.1094,0.0,0.0,1099.9178,2046.0457,1270.397,3915.146,0.0,460.67838,394.61026,0.0,0.0,394.61026,0.0,394.61026,1039.1298,1820.8712,338.98117,0.0,300.25827,4083.2964,2808.046,2241.1243,1283.5598,2171.3594,0.0,0.0,0.0,1649.5948,2004.5046,694.8686,3519.0464,5263.704,0.0,0.0,338.98117,457.93774,1370.1069,787.63336,4430.3354,3701.177,2388.509,0.0,0.0,4682.5776,1042.0149,0.0,460.67838,0.0,2045.2307,1578.3109,457.93774,3025.0793,2157.3958,4258.09,5710.595,3251.9524,4406.3223,0.0,1169.0974,94.191086,193.1086,1501.603,20.448696,604.3557,363.8957,50.601486,0.0,282.7251,535.4522,1352.3138,1045.0275,1522.3219,385.82974,97.18905,115.96473,247.97229,153.15733,1116.2133,0.0,328.82574,231.34183,0.0,488.97183,2075.3025,2491.9995,184.3878,377.91885,307.06378,431.56378,614.3153,89.27876,829.6743,194.40881,357.6024,540.91486,2296.9448,2394.2026,1773.4259,65.17261,581.8958,494.0664,821.7449,478.59674,1275.0868,1798.1232,484.4269,170.5003,430.27142,220.57924,1382.8917,773.67456,537.9393,1290.194,666.42316,121.824615,545.73016,344.3533,237.87502,1396.6932,218.62279,708.7407,1889.9899,635.5117,1320.0951,1189.8937,181.79222,2279.2573,1002.1373,45.275658,2092.5718,257.63428,1076.7806,0.0,938.3438,102.972084,67.62273,167.5878,52.113472,357.08347,1,BIOKEY_13
BIOKEY_10_Pre,1456.9789,1803.4988,1861.5559,2611.8074,1432.3514,1201.3706,37.841007,1373.103,539.75195,297.00873,715.2213,258.7231,5.77251,819.26447,147.33945,2661.4678,1469.5284,1260.9995,336.08353,82.97885,417.02466,165.18596,834.96246,1055.4,206.94391,594.52673,909.6953,289.22217,1816.7638,206.64491,412.6874,1087.3916,1091.2369,4380.978,4382.8003,158.69583,541.7176,349.44193,538.1184,1406.113,1365.7537,1703.4421,2430.4543,803.60254,34.432262,169.22151,134.55722,1083.6306,434.9635,2882.1052,1840.999,1565.7429,275.4672,34.62457,1933.2145,1550.2355,450.7106,126.588234,387.77917,277.57315,670.0124,386.35428,1973.5826,1479.4608,1660.058,1921.4141,1896.5833,5021.879,0.0,1241.6901,184.96004,156.4615,215.74353,90.58544,358.19107,158.6894,0.0,53.170383,155.12329,0.0,249.45248,279.5293,895.5731,149.96808,163.0292,0.0,298.96106,93.11667,124.50675,70.207275,751.5069,361.87308,74.0449,298.8205,944.4329,607.2096,524.52295,0.0,536.76984,214.01321,0.0,79.52998,782.1712,263.67847,425.73065,407.08817,2638.8704,2501.629,1579.1073,192.38591,294.6764,0.0,628.60895,719.6024,704.0249,993.67285,307.60928,551.36,0.0,0.0,156.51227,362.57617,529.53864,457.29965,67.247185,343.8675,94.99104,65.15703,170.41887,1172.5469,303.27762,246.65819,895.6663,253.68866,570.98444,1532.7972,358.26813,735.329,606.0722,146.77716,1038.9181,536.134,389.549,0.0,854.5488,177.1659,155.89296,149.13516,53.170383,453.97705,0,BIOKEY_10
BIOKEY_10_On,1675.5183,1419.3469,2548.1748,1729.4846,1505.5818,641.3796,64.73053,2302.619,818.6865,654.128,1622.6157,290.49023,224.21892,1394.4988,718.2127,3278.1443,2676.6492,280.42947,559.64124,242.9114,241.50658,655.3846,780.76587,400.15085,260.71863,989.1961,1272.2548,377.48434,1167.0421,229.9937,1625.8015,1526.6028,1174.2571,3309.2524,3555.2375,67.2126,118.1193,238.29648,437.8086,1827.0276,1858.089,2677.6917,3701.2898,461.2224,158.28206,269.13547,848.99567,2848.2788,913.4566,5018.5903,2080.7222,2240.687,456.7107,19.311884,3204.4426,1133.0145,320.06735,146.62155,925.46924,1074.9874,1538.7369,447.8283,2721.3044,1014.07184,4591.6514,3622.49,4332.005,3394.4495,105.68537,1295.2249,145.86531,77.44862,1589.5568,0.0,553.3087,155.05971,98.79866,0.0,126.07865,596.6662,652.32227,706.4447,1350.6289,243.3402,39.64542,99.85895,128.713,0.0,589.62146,76.68729,773.8942,471.37033,31.01494,1523.8333,2473.8835,2442.444,397.95352,39.992825,228.76419,747.12665,229.37083,228.86165,629.6866,661.5792,145.49295,404.83762,2138.2922,2240.6924,1683.1439,58.34426,339.9986,180.57901,1020.9061,550.7596,1973.7212,1494.7423,118.16149,423.0268,316.7036,62.336845,873.54205,1207.968,983.51654,395.50458,386.36887,95.274155,350.782,376.9769,150.69537,1568.6095,644.94836,971.8782,2165.583,532.37823,1865.8523,1051.7343,310.64038,2256.4067,1668.8582,0.0,1602.5697,326.93988,788.0803,0.0,1747.5266,143.56732,0.0,137.79323,137.45184,351.42618,1,BIOKEY_10
BIOKEY_16_Pre,644.16876,2057.7095,2112.12,1131.745,1703.812,868.909,290.63647,1553.8528,791.3521,689.6055,1348.8899,299.48584,16.267012,672.0197,646.0257,1270.4468,3100.7961,232.35631,525.7254,248.96805,182.06224,326.63644,393.40152,231.90395,100.34013,443.45813,1486.518,114.75999,1502.1101,236.87163,2243.6768,3768.247,1384.496,2000.9906,5882.5967,65.8248,87.22931,390.6271,440.704,1173.3478,1560.7352,1752.9738,3152.3374,1292.4607,69.97286,298.5178,457.00925,1172.0747,702.9815,3450.2366,1974.134,2799.6294,157.86871,72.27735,2287.8389,1843.2749,604.98065,315.71213,532.312,890.655,614.2394,525.45984,2376.7637,1428.6906,4508.629,2854.6272,2441.8284,4529.303,0.0,1101.5674,0.0,324.7717,647.0581,61.15919,684.2144,143.00342,135.43263,0.0,353.7108,245.80089,960.5473,840.4657,1726.7876,63.487408,168.30243,42.968624,172.07309,93.40151,523.72174,149.50514,786.18066,411.19968,50.17592,802.1933,2049.8667,1379.1322,527.5073,193.33304,388.43915,661.96735,596.54126,80.689125,611.43506,39.036,304.44073,688.2753,2501.493,2451.2144,1566.2432,101.548386,255.74228,340.98706,518.3395,911.86816,1690.8787,1552.4844,239.07683,231.56339,316.78302,157.00368,623.93384,918.8624,389.29645,448.62152,538.1226,165.27084,220.70381,585.32355,81.652145,1707.5981,302.6814,259.94876,2228.4448,1194.1978,1158.4323,1463.2178,206.11028,1716.9154,855.28033,41.753418,1613.892,277.83987,641.129,0.0,2054.3657,160.42012,239.7614,49.23208,79.30614,519.4085,0,BIOKEY_16
BIOKEY_16_On,912.59143,1436.232,2988.9307,817.0093,1803.657,522.13116,194.78928,1773.8451,991.96625,808.7434,1451.865,314.10233,305.32745,1507.3015,1053.1093,2010.6875,3007.8215,262.32062,496.40482,435.26416,140.27379,616.1592,593.40405,122.27972,144.9676,621.97675,1587.0972,520.3534,871.8336,313.69653,2836.493,3495.8428,1573.0148,1904.8234,3304.5938,57.029716,106.87217,248.53955,525.37115,1844.8008,1834.3832,2877.8218,4382.2666,357.68042,252.65778,354.79395,608.13306,2053.8994,898.4335,3995.3738,2514.5405,2773.26,305.3319,22.783798,3008.762,887.8588,276.28464,358.0772,824.9127,1367.6206,869.2225,574.8282,2744.723,995.414,4298.571,4096.065,3376.727,2484.6921,132.99846,1268.5854,306.0046,189.2265,1433.1589,0.0,567.6294,248.86765,134.98595,0.0,307.04675,242.72893,987.5782,892.44336,1498.7711,208.71922,37.38883,328.93002,260.2963,179.25345,631.985,67.61986,1319.6843,929.47955,0.0,1198.6692,2660.0764,2109.797,227.8417,203.99725,342.66956,931.3881,900.86084,144.2327,627.7518,168.32689,150.00217,265.48746,2472.415,2430.073,1339.1539,36.772785,300.92636,340.53766,1109.5637,517.64,1861.5731,1944.3224,270.75745,122.143105,327.23004,255.57677,948.4649,1291.7574,648.42505,396.9809,994.9969,31.607994,209.69948,1095.7205,163.65254,2177.1167,231.723,620.6014,2401.419,1115.5966,1559.243,1064.4064,301.9691,2035.211,1243.1122,0.0,1575.5712,126.98264,819.2513,0.0,2547.2888,168.39224,124.37697,89.386566,38.598972,244.61784,1,BIOKEY_16
BIOKEY_14_Pre,0.0,1575.07,2657.4958,1085.725,2797.1794,1907.5781,795.92664,439.8979,547.5314,0.0,1376.6819,271.1729,0.0,777.35345,94.40839,571.12134,1340.6698,648.7544,255.65189,142.81491,469.14398,0.0,255.94322,0.0,84.898796,459.80865,889.42584,41.857044,2290.9612,234.56824,1303.7039,1739.6056,1084.6339,1103.8575,7408.167,175.54028,84.898796,715.3369,757.07587,285.64203,681.5447,2106.45,3835.289,2224.576,117.758064,313.02994,349.67798,156.25392,233.43135,1524.5365,2142.9246,2667.122,102.67048,387.38702,2689.601,2589.449,1033.3425,306.19208,175.54028,396.56628,680.7232,301.21918,2124.2236,2954.3298,3395.7234,2635.104,1915.8068,6051.4004,0.0,939.22284,46.383564,170.05872,103.83702,31.116655,430.69876,95.504715,59.87757,13.949993,221.26607,217.46518,1449.2612,842.4307,929.141,152.00342,35.350147,104.84888,817.23285,103.75127,519.6524,61.728455,556.02313,31.65947,0.0,599.5101,1371.4534,2256.5337,388.52768,197.53662,401.48154,172.77928,258.12558,81.59998,1004.12683,271.72,560.7782,413.56226,2695.8154,2803.3196,2337.8132,207.36015,120.38623,140.86661,228.17097,437.07028,841.668,1651.7836,440.68646,141.58372,396.51868,201.36723,764.53467,558.96045,545.85675,582.2348,303.7314,170.85864,340.82764,328.30524,155.33769,1350.7151,166.15388,560.1539,1939.1411,366.4917,859.0564,1125.5739,118.16381,966.94806,520.0536,28.779713,1683.1069,216.30449,1089.7871,55.765705,1224.1329,138.14056,156.31535,70.35171,124.55555,356.8928,0,BIOKEY_14
BIOKEY_14_On,590.4257,1880.4427,3077.3008,1045.3457,3006.6245,1945.515,250.38081,1148.5785,1112.9717,255.65695,2546.6238,164.15366,949.2911,1795.4102,3182.1526,1456.0875,2879.5378,746.81213,295.4084,142.24252,80.76489,999.78284,376.21014,0.0,80.76489,853.2349,2280.3684,493.1889,1052.4193,319.1154,3303.419,2082.6875,2312.1533,945.00165,5957.0674,0.0,0.0,236.60582,508.01794,1037.9575,856.4074,3465.1216,5044.7407,1253.9783,215.43275,591.45514,958.45734,1466.5939,1090.9398,3048.4329,2683.6812,2866.574,83.929634,63.448235,3187.2517,1538.4211,372.33124,667.6562,448.3706,1638.3397,1201.9849,714.87256,2301.436,1259.7924,5777.9214,5635.741,4861.408,2380.544,901.82733,1272.444,307.61874,40.297047,1621.942,0.0,646.61646,369.91562,68.105385,0.0,125.65292,338.51358,1633.6182,1314.0397,1463.1864,221.2961,40.04202,109.91878,315.55777,85.5923,880.63684,0.0,573.7723,46.760002,0.0,1403.76,2350.5386,2565.4673,252.19182,356.1067,397.8401,744.6629,576.0716,119.747765,637.95026,658.7478,414.53702,200.7329,1997.7528,2159.1357,1452.584,104.89261,566.70807,367.19373,1125.1593,404.61258,1482.269,2180.035,295.11102,125.53877,596.10016,197.22539,1313.1271,1564.7137,661.96747,1711.7421,1060.2146,207.35898,333.28995,335.14343,229.06061,1658.881,393.80344,1188.093,2452.6619,1110.3226,1591.0243,1735.442,271.3455,2845.2078,1351.0721,81.5258,1981.62,345.89822,1073.9781,0.0,1209.4056,175.48601,83.413315,171.30197,36.304714,353.8618,1,BIOKEY_14
BIOKEY_19_Pre,0.0,2671.4507,2254.2307,1461.1969,1063.5287,1093.7852,924.066,990.77893,606.51385,0.0,1298.8768,423.07288,0.0,1031.0087,811.12476,427.00623,2543.2368,1779.1655,206.15915,0.0,563.941,304.45514,0.0,240.72491,68.311,510.61432,195.09596,206.15915,1646.3757,423.07288,1131.6603,1720.2958,821.30835,2495.6746,6083.1973,318.7179,372.58484,195.09596,865.37616,633.4605,509.90585,2232.6226,3246.3708,2695.3562,0.0,0.0,235.40936,212.65251,195.09596,1791.6648,2093.3374,331.59982,0.0,543.70825,2881.471,3252.419,427.00623,68.311,195.09596,957.7753,935.38995,167.09836,1871.2363,1933.8588,4543.2427,2220.9094,3208.112,6782.4756,0.0,1006.6631,25.12012,124.12229,488.12195,28.13366,575.549,456.52374,56.771164,38.878963,266.2149,302.72583,1848.4886,953.1774,754.4007,201.25658,70.28962,67.98979,868.8595,41.295662,868.812,12.464209,537.8038,9.286493,26.684748,570.2941,1394.7347,2532.343,116.46837,169.78806,541.7449,71.40228,385.98666,48.26752,683.1245,676.6771,642.61926,362.65567,2463.4385,2559.9504,2593.6558,160.37111,281.2864,230.14635,364.61426,99.36279,2535.8684,2040.6237,577.35425,115.41188,459.05405,167.41087,825.0793,971.20166,593.6572,915.46246,912.5447,170.6532,460.3306,114.72129,118.4888,1210.8888,145.07341,551.2035,1513.858,273.8553,810.6887,1079.8708,178.08832,1845.1453,568.7513,44.17428,1860.6725,230.12624,813.89825,46.361885,987.3832,78.03866,125.9922,47.339863,135.53122,247.44185,0,BIOKEY_19
BIOKEY_19_On,263.14462,1713.4922,2734.047,1021.8761,2021.4655,567.46063,234.65456,1269.722,966.6054,224.50278,1741.5123,150.77676,174.42813,1142.4619,1181.1998,1040.9658,2410.0537,682.7285,642.2356,175.58862,345.20145,216.72078,230.69145,41.009235,246.06099,834.5938,1362.7573,336.24603,957.48834,300.484,2193.1733,2507.4321,936.8355,1096.8779,4098.7954,0.0,69.42822,298.53815,1149.4858,1103.6917,1412.0303,2194.558,5063.1523,508.5588,103.33009,249.75383,686.12164,536.9332,160.13171,3291.2122,2317.8562,2020.9825,242.89427,47.368454,3341.481,697.0439,268.75125,200.61246,295.7996,1487.2976,630.084,524.4331,2372.923,1190.9448,5345.617,5545.797,3947.3027,2805.123,562.54974,1187.6935,182.44257,82.103584,1732.5245,0.0,736.36914,400.13272,56.087723,16.133406,218.04764,317.9279,2314.3596,799.25433,1036.1495,219.18295,32.670563,82.58243,646.70123,290.11768,1301.1218,15.472036,638.9489,94.007774,12.977649,586.47876,2110.2788,2669.9722,43.849598,356.6349,344.5365,469.44373,589.44275,87.50438,760.29395,456.2629,610.8583,340.35062,1794.687,2078.2856,1227.6377,89.081406,417.4722,336.01193,556.46967,288.53308,2545.077,2137.704,332.82376,157.62062,522.02545,167.95496,690.32587,1799.9304,572.40405,1701.4678,1123.8457,169.48773,487.65442,127.19336,112.398766,2040.4255,269.69547,611.8496,2763.5413,358.1571,1326.9961,1042.9901,393.08585,2343.6494,750.38635,15.407961,1978.6986,169.714,520.8631,13.291402,1622.5739,102.604095,86.6849,94.24884,149.63144,317.1669,1,BIOKEY_19
BIOKEY_15_Pre,1253.7389,1720.7206,2296.656,2226.6077,1064.6569,1383.554,227.974,1474.7102,537.709,634.1591,845.9511,384.12204,13.199756,614.4599,210.11438,1969.4818,2315.7354,683.02765,303.39545,167.30167,330.9863,247.46655,454.46436,694.317,209.00258,493.30713,1145.7496,233.37845,1830.204,190.84827,564.7117,2196.7285,876.53455,3993.2612,5413.3467,164.93117,196.06984,283.97482,461.48703,1696.8154,1387.1786,1936.8342,2400.9387,1114.5688,51.646385,192.1935,360.95187,1102.9833,280.807,3352.1113,1655.5017,2200.4094,253.37474,54.35361,1807.7035,1798.3798,778.5118,102.50355,625.1761,559.7454,691.0884,427.54254,2379.96,1335.3502,2070.8152,967.45105,2546.6282,4918.2754,0.0,995.4683,58.50924,113.869934,541.2868,83.77722,360.59525,82.41532,57.830402,50.850014,323.1815,274.48816,769.38165,690.2974,1417.5988,167.6477,43.757355,106.95798,315.86462,216.20183,287.07074,88.075485,729.3791,182.06519,59.035393,985.49585,1173.074,1289.6672,672.88965,39.237164,283.0196,365.83258,97.58754,142.8237,903.4624,597.87616,426.07812,550.671,2207.2327,2516.7192,1651.8278,88.66735,646.9272,191.48936,844.8492,620.3642,1214.925,1561.0815,269.7898,204.78204,239.24889,253.84698,494.1533,558.85834,772.18225,594.3903,113.66193,257.11252,153.92654,130.73149,50.628002,1221.374,405.07608,781.9987,1727.116,180.99043,1002.9242,1801.0692,285.2617,1370.1678,771.5847,146.01427,838.2114,281.17624,872.4831,56.646862,1525.7607,108.365616,28.701363,72.28785,73.507095,356.9982,0,BIOKEY_15
BIOKEY_15_On,1664.5718,1345.0664,2896.757,1826.7751,1594.4783,589.5276,114.188614,1862.6819,762.44666,708.37177,1516.5118,227.3987,323.9204,969.8021,1261.8225,1635.976,3540.2542,484.21768,548.2292,350.92682,152.48093,604.75476,392.6219,162.19116,294.06873,632.746,1485.0063,388.84457,1349.2009,342.3922,1966.0531,2592.7644,1374.3206,2426.0693,4364.034,108.90402,103.80991,187.74092,877.14325,1604.4697,2309.506,2476.595,4992.097,460.74747,273.73322,374.2573,667.2194,1930.5531,523.8123,4618.0273,2229.6572,2376.8772,365.19888,15.051,3285.4224,849.53906,230.17293,184.1426,974.2539,1413.016,1621.5914,488.12994,3253.6597,1127.0648,5435.2803,4106.8525,4978.957,2183.3599,387.84174,1037.5367,150.84076,49.4394,1806.6361,0.0,857.5043,570.19824,170.78076,0.0,169.86798,468.50726,1893.1548,1264.1531,1460.9202,365.97916,47.14946,236.83704,335.84177,309.41708,1241.7692,0.0,621.21466,507.81866,55.4987,1174.1455,1671.8064,2471.9756,164.87396,391.1873,289.40808,422.73944,544.89825,201.57576,1014.29004,579.21356,362.96997,546.273,1880.6118,2428.044,1773.8066,83.511284,833.4196,526.2647,1074.4628,316.32996,1523.1687,1991.8734,257.92545,40.200584,647.8446,364.09915,1096.5709,1645.2234,1056.3915,1246.6012,1143.9792,54.317463,405.62506,399.42606,254.99019,1506.3563,291.00745,1844.4264,2262.1194,526.5464,1812.8694,1053.9247,398.81326,2546.02,1098.1982,0.0,1919.7379,152.76778,1400.3557,0.0,1876.4686,227.93797,54.317463,210.16914,48.30627,307.90674,1,BIOKEY_15
BIOKEY_5_Pre,465.40506,2233.7542,2769.3281,1749.867,1615.2457,1175.7059,386.82675,1554.1461,626.40063,170.40295,1235.0204,346.69434,0.0,1379.7916,556.1477,1468.2063,1526.0232,108.71795,359.7196,246.28247,284.01627,343.78113,396.7423,156.45186,113.478134,488.79233,1417.9355,146.62282,2845.0312,74.46407,1831.3281,2905.9897,1572.3036,1686.3041,8204.4795,68.01668,197.23909,286.96698,725.35516,1064.1714,783.5641,1824.7078,3563.302,1525.5576,23.793236,379.66174,212.11433,1139.0686,1316.3318,2994.5813,1839.3798,2387.2756,216.34888,131.69476,2234.2483,2093.4585,869.2564,236.30458,405.64215,952.35345,699.6787,700.5265,2622.3105,2285.0706,5130.26,2386.5696,2388.13,4784.8647,0.0,893.66815,72.58428,68.20664,636.91815,131.5538,449.4094,353.91534,0.0,52.665028,322.53287,357.72845,704.71533,255.29462,757.1832,196.35315,61.334335,114.26487,550.746,220.654,191.76683,186.60205,1390.2793,287.06476,0.0,377.54276,1974.2,1831.4713,303.90387,113.151245,521.1798,240.09166,165.58102,48.248615,1290.3988,626.97424,414.71085,541.79584,2452.8533,2658.6204,1654.2555,175.84186,185.62292,118.94629,786.029,625.1754,1539.0962,1432.7642,508.5633,430.75482,175.4209,137.82204,389.86227,1098.4363,200.1997,796.52423,605.395,63.755405,202.61606,393.4679,0.0,1910.5223,451.26193,576.2353,1949.3048,503.95813,1102.751,1046.0067,322.89108,1170.7087,607.3854,69.59672,1586.8173,262.91803,641.64813,0.0,1754.3286,136.72742,115.31181,58.717224,196.8642,613.49384,0,BIOKEY_5
BIOKEY_5_On,943.1987,1289.9098,2781.9722,948.191,2005.9233,630.6371,190.34239,2143.9597,1477.3843,806.8693,1673.8083,224.71846,337.27423,2351.6062,2355.3655,2409.0874,1840.0453,181.78676,618.2355,421.19772,38.709576,689.47,560.4404,77.56743,411.6023,526.3047,1607.1447,285.2708,1396.9038,300.6276,3518.9778,3463.204,2368.9973,1556.3176,6217.611,0.0,47.451633,49.18728,821.4512,1811.0636,2350.8174,3185.5154,5139.371,377.53546,187.9636,211.81738,835.7261,3424.5356,1577.938,6063.595,3180.3784,3228.9653,151.70456,21.209026,2655.364,1351.0842,558.2993,372.2356,925.1813,1426.6764,1781.4493,769.3607,4164.417,972.4742,6770.005,4623.2285,4552.169,1298.8116,65.747536,815.8608,212.9975,124.25303,1497.6581,0.0,833.27826,567.3742,140.29929,0.0,300.9452,515.1285,711.23035,915.49634,1594.4355,417.77847,0.0,242.83836,349.16385,214.91673,976.91736,0.0,1728.4971,1038.0477,0.0,1153.5505,2888.558,1558.7833,69.13217,122.07432,254.1033,574.9362,167.51541,93.11785,1137.2106,672.1822,75.056984,555.15753,2312.4275,2773.7659,1555.1299,0.0,277.39243,147.63612,800.7365,620.2749,1745.1648,1799.2341,0.0,75.056984,669.12665,245.99355,393.90848,1117.4684,581.0635,561.2428,785.23315,0.0,223.34766,1104.8727,0.0,2232.0012,831.64636,1111.5853,2779.4333,1520.3868,1636.7627,546.1506,415.2244,2028.1973,981.59033,0.0,2173.1213,98.33583,869.0281,0.0,2574.6968,259.48944,204.6701,71.167114,87.98363,169.99602,1,BIOKEY_5
BIOKEY_12_Pre,547.57526,1840.4238,1954.8959,1924.6869,1658.6731,741.6142,504.9549,1333.5287,554.196,177.72525,1088.9628,198.30156,0.0,1106.9304,328.05472,2291.993,2573.6318,1013.5098,323.18292,165.03722,194.96292,223.48161,285.774,334.72787,74.760864,687.7765,1005.77264,118.01426,2181.5278,222.57693,1534.2031,2741.3018,1272.7701,3350.8965,6060.3193,197.39331,312.79492,418.05252,424.72968,672.0485,1160.4045,2027.6134,2899.8203,1080.8875,92.30706,131.61821,283.88965,876.0916,321.3719,3419.1497,1326.94,1795.6853,109.84396,96.881935,1411.6599,1314.4489,497.92218,173.3976,522.1776,876.37085,856.6839,251.31361,2315.528,1800.5736,3727.313,1518.8186,2354.5425,4766.7236,37.934597,1120.202,77.62736,112.69863,540.4269,54.11767,389.67902,288.34824,44.113956,64.450676,205.75317,186.25816,814.4562,286.92838,1132.2035,239.89618,58.725376,161.34573,527.48895,71.16906,179.21608,120.59112,968.4481,370.10684,82.512596,507.27283,1949.2825,1316.4238,299.407,55.347614,371.0371,346.75125,389.96698,61.608894,974.02124,340.9463,327.02982,540.3005,2894.1082,2879.2708,1714.1196,114.853004,301.62268,88.477844,529.8795,460.3707,1696.4985,1254.1143,327.9291,278.86716,170.63467,234.32845,422.30676,773.9231,346.2129,736.23474,397.58875,105.76298,213.12097,626.1362,91.56741,1954.1943,360.77396,299.80246,2013.3066,585.9399,1057.6167,1366.5433,366.1122,889.66223,864.0354,71.88133,1538.8131,325.3968,667.37036,35.57193,1625.0887,70.29572,125.50499,49.178932,40.572083,378.1345,0,BIOKEY_12
BIOKEY_12_On,1050.5831,2472.8333,2318.8044,824.40967,1639.1217,533.6317,146.64102,2081.8486,1169.0176,1005.60034,2315.4434,225.46973,232.49855,1156.6517,1442.1324,3158.2454,4186.45,366.99594,500.61697,592.77075,109.54821,1144.124,712.1483,151.64255,107.95325,1126.8176,1961.1775,238.36824,994.4645,321.53125,2544.4375,3344.1277,1933.1783,1868.2726,3828.2332,192.2357,75.72288,309.97018,362.21576,1265.773,1497.6796,2899.9717,4872.8765,618.1213,121.18029,281.14264,821.8575,2724.2644,722.9544,4440.354,2517.351,2731.0586,159.89726,18.823156,2974.2722,1028.2781,328.5503,218.02567,1227.6967,1455.9038,1155.9819,508.66278,3813.2234,1164.7526,5275.7334,3781.4502,4196.3423,2470.281,77.14196,1404.8163,72.71233,95.52442,1385.1642,0.0,649.9191,335.40878,50.517513,25.016695,270.828,514.7115,1246.7162,649.4523,1447.7162,253.18622,45.539448,162.39041,277.54556,252.71391,925.0919,67.77336,1422.5963,640.719,47.13974,867.647,2113.09,1951.497,137.10863,175.4276,133.36234,469.0223,395.23517,116.54989,881.9922,923.2436,207.18755,429.65546,1847.3251,2356.7754,1300.5618,82.93008,455.73917,214.07349,714.1099,320.40787,1580.602,1879.256,350.43298,100.456795,269.54,352.04877,867.4178,1635.3279,823.4543,1059.437,787.4843,204.95438,237.99648,773.92224,148.6827,1964.2012,429.3507,637.1437,2161.1768,557.2337,1462.0028,1044.4016,435.45926,2230.0579,1246.6727,36.452908,1890.5996,180.83888,923.6715,0.0,2115.413,146.84819,48.779606,71.40707,24.447437,239.51257,1,BIOKEY_12
BIOKEY_20_Pre,0.0,3771.6443,2489.3442,2040.9849,2207.8655,1626.3303,497.1285,394.03278,615.14325,0.0,0.0,394.03278,0.0,0.0,284.42395,500.6661,1783.5192,1122.4382,0.0,0.0,886.03485,394.03278,0.0,1051.1337,0.0,665.76483,394.03278,0.0,3520.282,0.0,2203.3596,2533.0562,0.0,2996.769,6757.2,497.1285,0.0,394.03278,385.36874,0.0,1583.197,1841.1271,3109.7449,1393.2318,0.0,0.0,285.9509,676.23834,497.1285,3239.7468,786.617,1227.01,0.0,497.1285,2347.839,1372.5103,946.3467,0.0,445.68057,500.6661,0.0,285.9509,394.03278,1392.067,2368.5388,2486.708,2673.5757,7114.3545,0.0,786.7013,31.344995,120.15178,329.78375,0.0,365.852,112.09623,24.601751,0.0,196.10187,278.77277,758.6906,500.73035,1037.062,191.84105,53.679688,79.558266,268.3685,79.03216,172.08328,29.351545,792.8119,136.84502,26.950548,397.31747,1478.9604,1019.82605,376.0784,84.02781,345.03378,437.37396,72.23686,131.12526,994.31305,277.52747,220.54958,344.51245,2467.5085,2559.2068,1787.9308,121.89613,316.73578,93.127045,432.17685,609.15845,1407.229,1188.5317,613.065,181.79872,167.28873,152.71465,347.71268,757.1215,335.1888,594.3683,112.98248,266.90884,123.91113,466.50452,96.63673,1473.7408,293.14658,181.63922,1341.6965,189.66283,872.0354,1845.0961,217.61653,641.0777,924.47107,87.069,1156.4524,154.0896,1117.6659,0.0,1461.8927,0.0,76.66559,0.0,161.374,474.74445,0,BIOKEY_20
BIOKEY_20_On,332.46384,1486.6714,3405.5923,770.0203,3158.5737,609.8477,576.63806,838.7503,805.05255,313.59268,1213.3235,143.06914,254.57455,1221.5552,1028.1096,393.336,2012.3752,494.0074,376.88953,233.46124,287.3026,238.1979,172.5927,0.0,174.58047,831.546,1115.348,320.45844,1550.5101,428.05795,1844.4381,3481.4448,1144.6849,2088.057,4298.3223,87.57052,155.1425,209.78717,1056.112,859.259,2334.3997,1732.3964,6087.5254,365.2384,35.02464,233.84581,1775.2454,829.0405,180.14236,3672.119,1828.9186,2358.127,143.84163,0.0,2812.6414,506.38092,354.0704,302.59454,465.72687,1450.1946,889.3969,630.45544,2608.5674,1027.1188,5341.6167,5013.385,3275.3984,2948.1128,306.49133,1369.3033,857.71826,97.788155,1582.2773,25.752962,709.89667,261.24503,24.523783,0.0,136.3824,210.78978,1477.3859,962.1263,1494.4668,129.2257,27.959227,175.83015,345.2999,164.85341,888.45013,56.463917,610.59845,164.60846,44.69761,810.4695,3006.7563,2819.412,181.33711,95.5009,349.32245,981.23425,323.43414,116.19603,908.4107,566.15924,347.9589,353.8895,2002.0143,2121.827,1286.423,47.728256,875.6115,231.30591,1238.7935,457.08115,1595.1912,2216.442,397.11972,185.77846,439.19186,239.43147,1082.5483,1434.2192,715.0333,1751.2167,888.38226,97.31192,404.65372,619.3432,214.78564,2065.95,399.01865,620.80664,2139.493,580.0904,1380.9274,1557.7281,466.40585,2468.3892,1760.0477,26.102253,2242.76,138.2801,1115.8816,0.0,1296.0029,131.27588,29.2925,64.00057,74.93871,273.0941,1,BIOKEY_20
BIOKEY_29_Pre,0.0,4064.938,2931.424,1471.5795,752.6002,825.40265,0.0,1163.0497,253.72769,0.0,724.0203,668.48615,0.0,0.0,909.322,425.18253,0.0,2164.826,0.0,0.0,0.0,0.0,0.0,0.0,419.874,845.0566,425.18253,0.0,1650.3506,0.0,1849.3959,3720.089,885.1255,4786.407,6781.067,668.48615,425.18253,419.874,0.0,704.36646,253.72769,1411.5737,5080.9404,405.52866,0.0,0.0,425.18253,0.0,0.0,5167.6333,1572.862,1168.7971,0.0,425.18253,845.0566,2495.3618,1756.345,0.0,0.0,718.7118,0.0,425.18253,2908.5894,3214.491,4353.495,1042.4813,1075.7357,5979.8037,0.0,1149.4083,229.47972,120.36226,488.45547,42.68697,695.2035,301.1078,85.016106,41.65826,264.1499,70.08649,982.9262,772.5709,889.2355,267.3671,38.70886,84.54732,622.1314,37.721535,128.36,114.151146,443.93787,35.51703,93.93934,474.95135,1741.1094,1212.2798,219.73108,84.700325,455.03125,493.53934,83.37493,137.06544,1331.2543,232.49852,595.75806,460.32565,1844.7058,2622.8628,1631.8416,94.18924,595.55896,45.434185,437.4115,929.91016,1132.1769,1528.9741,462.45206,355.29718,313.4865,288.39935,292.2874,776.0784,434.35846,494.13492,447.2371,115.88415,324.3775,79.23568,47.57282,1769.4292,352.6692,295.4002,1473.5062,459.92252,563.79156,1913.6052,313.763,1191.256,705.732,71.68612,994.3426,122.791824,550.7554,0.0,688.4038,47.528206,158.03415,53.108288,81.671486,445.87173,0,BIOKEY_29
BIOKEY_29_On,951.37415,1664.8025,3904.8408,2380.0188,2415.0999,541.8174,0.0,1626.3802,1145.1722,821.5508,607.1185,0.0,789.6386,1372.0564,705.8634,1078.757,1711.3235,442.0623,240.93794,174.20091,129.71904,627.26807,448.33136,0.0,676.93427,759.9018,1117.4025,458.8821,853.9415,344.7662,1313.2911,3834.9468,473.88046,5373.4517,3429.7153,180.61981,316.7889,0.0,782.9914,3151.6396,1886.896,2035.976,5084.327,514.2263,0.0,79.51316,1688.2428,2184.6846,445.73038,5976.9204,807.73303,2898.1887,0.0,0.0,1426.5575,1128.0166,583.93384,0.0,504.4334,1818.5697,334.51147,215.0472,3010.7876,1290.6029,4478.3105,3984.897,3964.3481,4570.7964,0.0,1114.1495,530.27893,0.0,969.0043,0.0,1056.1473,331.06726,186.22195,0.0,77.5205,201.47406,855.0898,968.9341,1119.7421,315.04758,0.0,135.35478,388.61285,253.18109,398.69684,0.0,736.0289,96.67698,0.0,636.0699,2364.2915,1936.6085,134.14203,161.06055,220.5849,713.06165,123.85899,179.84204,996.1936,587.6005,585.321,314.45886,1753.3271,2397.184,1197.8489,0.0,679.5827,129.89354,1425.3496,742.7345,1867.5497,1831.4829,290.88486,198.67934,420.8163,235.91066,478.4816,1264.088,997.41223,990.42163,654.68494,0.0,299.71365,172.22043,157.87773,2660.184,559.7764,1157.3711,2513.107,684.9028,844.81494,1892.3438,270.98346,2155.952,1044.889,0.0,1890.0966,153.29153,667.5956,0.0,1434.4939,135.26265,0.0,216.55789,0.0,266.49207,1,BIOKEY_29
BIOKEY_4_Pre,343.37067,2244.8088,2644.3413,1791.4384,1569.8646,1324.293,623.90326,746.8811,649.06757,253.27449,734.6413,447.66855,13.834165,795.27405,359.712,1029.9352,1103.6455,747.00055,354.42056,53.595974,239.01945,214.1938,327.2565,283.78098,94.22578,670.27026,1004.6273,156.3665,1539.9728,303.27557,1018.25104,3168.2346,900.3223,2165.2468,5521.4395,101.851524,253.18793,147.27927,697.2918,1443.9442,1238.4513,1970.9714,2992.8818,862.46027,66.87689,271.28012,349.13364,428.84747,348.88263,2151.5344,1522.6849,1861.4138,53.285767,147.18115,1839.594,601.0169,693.2004,68.53168,254.45729,937.4171,844.84216,503.67856,1571.6233,1366.9849,2945.7964,1530.9563,2103.1345,5173.923,17.257685,981.6819,0.0,115.03342,473.2771,60.217533,490.30984,184.71187,0.0,118.694855,129.31729,182.34647,448.93262,203.5619,1146.6058,110.603424,150.56052,140.9534,471.22458,182.25034,52.205467,149.8904,542.32513,322.7566,70.96789,383.05527,1706.0342,1616.4537,393.25635,0.0,446.38132,272.8851,255.82648,0.0,1105.4199,271.42712,637.5327,414.55835,2528.2861,2690.5667,1930.5228,65.04371,130.09097,319.46045,333.54294,693.0161,1262.5518,1373.1781,448.1065,466.76202,297.86874,159.68533,133.26694,720.8259,291.72556,193.33966,344.60632,183.55754,175.72314,506.54926,50.3948,2038.9421,364.4528,393.9924,1948.3079,191.15802,1021.3561,1790.4178,367.803,1200.7224,1490.6167,0.0,1264.097,296.90866,497.04324,0.0,2037.9008,64.49184,123.17442,239.25285,62.03089,751.4202,0,BIOKEY_4
BIOKEY_4_On,393.3957,2146.0317,3868.432,1246.6954,2531.5017,182.23665,535.13477,1436.9645,837.9766,444.3036,1280.9222,395.83032,177.63945,1335.1178,1176.6368,977.0853,1985.5625,177.25847,323.4114,271.99072,24.249146,507.7949,476.51782,132.08444,118.66955,739.3951,1708.0137,175.02927,484.5733,528.0689,2400.446,3411.6887,1541.8029,1174.2413,1567.0565,167.38597,34.270298,252.76494,949.13025,1700.1097,2500.496,2745.8064,3444.374,117.529625,95.70175,318.79343,664.2128,1751.9619,761.26013,2818.1697,2377.449,1830.5082,225.22755,95.69826,3772.4436,447.1059,25.640087,441.45703,563.78864,1991.2845,1084.049,689.9913,2624.022,1382.6141,4668.702,4797.737,3185.1562,2222.294,26.24908,1067.5806,0.0,0.0,1046.0602,0.0,549.00336,460.30585,124.930145,135.95135,0.0,510.31628,1285.6642,226.72389,1295.0027,113.1007,121.678276,124.930145,251.8323,282.37817,753.3502,0.0,1184.7423,556.61304,0.0,357.1048,2690.4604,2360.3755,0.0,99.330605,121.678276,736.59125,401.50705,0.0,681.72125,676.5811,124.930145,123.339195,2243.8386,2973.4968,1598.3527,99.330605,615.3688,617.629,1219.0272,411.01965,2222.6199,1045.6511,336.79593,121.678276,238.03085,314.44827,1110.2194,1658.7344,602.9565,545.24384,876.5586,0.0,220.3373,847.00555,116.45864,1783.6925,502.14392,716.6627,2536.3447,534.1061,866.0222,1308.7493,525.5109,2195.0444,1189.864,0.0,1971.2465,263.66174,879.0945,0.0,1551.5803,121.678276,0.0,226.72389,0.0,433.44614,1,BIOKEY_4
BIOKEY_2_Pre,0.0,3019.5183,5107.2227,1060.76,1856.4205,1048.1661,1014.8007,1793.0833,752.9931,0.0,668.0011,859.74115,0.0,0.0,1423.7539,1789.0667,2922.5054,1353.875,479.74088,0.0,0.0,0.0,0.0,668.0011,0.0,670.5976,799.7785,0.0,578.92365,332.57236,1618.0518,1605.4906,836.50574,1876.0033,6448.6274,811.4093,670.76086,413.17715,1014.8007,380.16504,2110.4333,2712.7551,1866.5592,332.57236,0.0,0.0,484.98407,380.16504,0.0,2577.5227,1164.6909,1692.8689,0.0,0.0,1267.2252,741.36237,1524.1467,0.0,0.0,484.98407,380.16504,380.16504,974.3712,2029.8401,3962.634,1733.2894,1875.3098,6305.9634,0.0,836.59717,142.69164,99.85727,453.87567,42.84355,379.43356,197.55849,87.67548,0.0,259.953,382.45538,922.03064,603.52026,1112.3884,165.29515,187.79155,91.80843,601.5325,78.537575,271.02884,63.124897,425.43707,105.990326,47.216103,697.34766,1206.86,1772.9684,235.28506,158.48915,441.51758,298.43472,231.77649,41.98469,1277.8699,639.7193,726.95966,548.12756,2114.1523,2776.4983,1848.2688,35.044643,449.50552,253.44527,553.1234,224.51395,1020.6014,1258.9357,411.84882,295.57138,102.34469,221.9117,486.5231,582.5156,557.7908,890.805,69.258026,230.04814,272.59995,138.78723,99.97835,1191.8535,271.16177,383.4163,1938.4211,268.65207,814.21387,1823.1555,385.03488,1045.4226,785.9867,130.74408,912.19147,365.1265,544.4221,34.73623,1035.228,42.79755,35.044643,40.94906,161.818,413.12366,0,BIOKEY_2
BIOKEY_2_On,159.02724,1672.4813,4455.5215,937.0215,2600.843,159.70837,166.82549,2818.1094,696.0149,125.33143,2516.6714,289.00638,355.841,987.90393,1462.1882,1393.6495,2742.8306,580.4938,586.3824,0.0,43.682255,331.5165,0.0,528.8221,0.0,981.6964,1211.3762,419.5209,537.3725,491.61353,2582.4553,2511.062,1826.3885,1570.3268,5388.4585,0.0,0.0,119.55397,1818.4885,510.02036,2281.3916,2373.706,6191.9575,240.14044,169.86855,0.0,954.25275,986.8593,235.75569,3691.6514,2343.4053,1717.4838,273.4484,0.0,2636.0366,934.6951,572.1231,146.85289,166.82549,1595.515,777.6887,903.6644,2790.2415,1605.957,6050.39,5115.9375,4692.285,3515.364,531.849,913.7081,296.50717,95.46976,994.25214,22.012232,855.35364,535.2165,146.5433,0.0,144.0214,570.26636,1452.7925,1095.7332,1218.5458,208.95587,101.08108,144.13931,527.77704,342.7691,908.58057,0.0,834.3582,36.600746,0.0,1066.6902,2182.7864,2252.8474,28.161938,279.2495,310.3232,423.61902,256.57312,56.010643,1221.4429,656.7169,534.62146,546.50006,1841.4547,2409.896,1609.8054,96.57592,521.1083,279.92978,736.9651,57.689613,1974.1019,1784.6521,386.8945,116.19745,436.44556,419.17654,1241.7034,1232.2255,377.0855,1891.223,686.53015,91.44715,612.7782,64.70822,135.96379,1738.1675,695.4285,680.0703,2809.8865,687.20685,1003.4476,1236.7573,389.50034,2400.649,1124.7986,0.0,1702.6372,306.95773,731.7384,0.0,1340.9688,68.84623,29.215696,114.957344,55.84658,532.2103,1,BIOKEY_2
BIOKEY_6_Pre,0.0,2652.4504,2076.5396,2179.1836,1196.3287,1327.6741,567.6859,400.0337,1078.8889,0.0,550.75165,511.27798,0.0,400.0337,400.0337,967.71967,732.00653,550.75165,0.0,0.0,476.46408,0.0,0.0,567.6859,0.0,0.0,927.2135,0.0,1869.2345,246.94173,598.70917,1796.0547,246.94173,3049.2122,2763.7837,912.4339,597.6197,246.94173,598.70917,2380.399,670.7459,703.84357,4515.0967,246.94173,246.94173,375.04532,1261.7634,1384.5422,0.0,2477.0278,400.0337,1845.477,0.0,0.0,621.9871,775.07904,0.0,246.94173,0.0,678.85516,623.4036,621.9871,1720.8275,902.519,4083.4822,2755.7866,1932.4735,2165.4302,0.0,1055.8944,95.63305,254.61212,379.26535,24.786407,387.714,102.07037,59.353992,29.743416,199.29593,148.31104,988.38794,436.57803,956.9425,202.29213,75.61896,61.580788,610.2569,164.63338,165.46487,14.5440445,393.21298,50.587254,0.0,663.54004,1825.7004,1503.8887,363.29733,91.80267,354.56644,245.31091,238.95384,105.04928,1350.4751,284.0807,653.485,397.75366,2074.8242,2463.0156,1926.3944,48.438877,434.668,221.48384,291.95914,603.84735,966.40717,1580.4417,380.7302,271.47186,161.69382,194.25407,387.99954,782.2134,209.45891,696.0996,573.07117,170.81966,293.37186,132.92238,146.9499,1377.5065,223.00615,215.20755,1733.5835,465.9706,763.1482,1413.6637,239.20552,1029.1302,827.2573,95.87497,1420.8373,345.00107,505.8498,39.624905,902.2449,107.65666,115.30435,72.42111,125.848045,457.37625,0,BIOKEY_6
BIOKEY_6_On,0.0,1501.5029,3871.7124,1284.7822,3113.8484,1153.9872,332.39398,1839.2236,1625.2676,379.96655,699.7135,0.0,1512.1841,3556.129,3105.0312,1556.6163,3278.2195,150.87985,0.0,0.0,283.28522,248.63446,0.0,0.0,376.76752,793.6745,1016.4617,0.0,1700.2368,582.6176,3075.4395,3251.6367,1886.1335,2948.4905,5497.485,0.0,0.0,225.88766,1276.5166,1941.734,1694.5841,2216.0352,7521.5747,1291.631,399.9216,581.02844,3483.2295,338.19095,488.19272,4014.4836,2990.6975,3444.4202,0.0,0.0,2806.0002,1500.1722,106.19387,225.88766,649.31964,3279.15,736.82715,1062.4326,4425.1357,1376.9246,7349.9917,4084.4727,3304.1755,3189.6055,930.8451,1178.8126,384.46564,95.52537,1697.1708,15.516527,1420.5054,681.06067,61.220737,22.18551,70.96109,242.34685,2543.0837,1788.7695,1399.6254,245.1735,37.491882,121.3984,624.7653,544.2875,1393.2056,15.516527,859.886,70.86355,0.0,1280.8225,2334.1516,3006.1077,80.723854,692.3447,445.23157,1095.382,1008.0081,111.6696,970.27167,506.17737,414.8008,272.991,1318.896,2234.918,1878.2308,38.18115,709.9816,603.06055,1362.1506,345.12378,1964.7502,2579.0588,303.553,106.0901,1032.711,182.24084,1126.1924,2097.7961,869.039,2276.7393,1320.3282,50.569134,665.5967,141.03307,111.097664,2277.5264,693.2116,736.4643,2738.1016,1100.1796,1273.0349,1033.6351,562.5065,2709.4634,922.91376,10.020593,2535.2603,242.83511,897.6452,0.0,1150.6533,85.78809,58.294907,58.389572,41.2592,292.98303,1,BIOKEY_6
