sample_id,ABLIM1_T,AC004687.1_T,AC004817.3_T,AL359834.1_T,AL606807.1_T,ANKRD28_T,BAX_T,BHLHE40_T,CBLB_T,CCNH_T,CEMIP2_T,CH25H_T,CSF2_T,CTLA4_T,CYSLTR1_T,DTHD1_T,ERN1_T,GABPB1-AS1_T,GLIPR1_T,GNG4_T,IER2_T,IGKC_T,IKZF4_T,IL6ST_T,IRF1_T,JUN_T,JUNB_T,LINC01943_T,LINC02099_T,LINC02273_T,MNDA_T,NFKBIA_T,NR3C1_T,NR4A2_T,OGFRL1_T,PELI1_T,PMAIP1_T,PRDM1_T,RGS1_T,RGS16_T,SLA_T,SOCS3_T,SYTL3_T,TAGAP_T,TGIF1_T,TNF_T,TNFAIP3_T,TNFRSF10D_T,TNFRSF11A_T,TNFSF14_T,TSC22D3_T,TSPYL2_T,TXNIP_T,ZBTB32_T,ZFP36_T,ZFP36L1_T,AASDH_M,ABCF1_M,ABHD4_M,APOL4_M,ARMCX1_M,ATP10D_M,ATP2A3_M,ATP5F1E_M,ATP5MC3_M,BCOR_M,C3AR1_M,CCDC57_M,CCDC88C_M,CD300A_M,CD40_M,CDK5RAP3_M,CLEC2D_M,COX5A_M,COX5B_M,COX6B1_M,CTDSP1_M,CYB561D1_M,DNAJC8_M,DUSP6_M,EPHB2_M,F8A1_M,FAAP100_M,FGR_M,FIG4_M,FLVCR1_M,GNG5_M,GPR183_M,GRINA_M,GZF1_M,HCAR3_M,HIGD2A_M,HIPK2_M,HS3ST1_M,IBTK_M,IDS_M,ITPKC_M,KCTD5_M,KLF13_M,KLF9_M,KRT15_M,LINC02001_M,LRRC57_M,LZTFL1_M,MIR4458HG_M,MMP17_M,MT2A_M,MYOF_M,NANS_M,NDE1_M,NF1_M,NFE2L1_M,NFYA_M,NPC2_M,NUP160_M,PDE12_M,PER1_M,PKMYT1_M,PRKCA_M,PRPF3_M,PRR14_M,PTGS2_M,PURA_M,RANBP6_M,RAP1GDS1_M,RCN1_M,RER1_M,RHOB_M,RHOH_M,RNF144B_M,ROBO3_M,ROCK2_M,SAMSN1_M,SAP30_M,SBNO1_M,SCO1_M,SEM1_M,SEPSECS_M,SLC1A3_M,SLC2A4RG_M,SLC30A5_M,SLC35D1_M,SMARCA5_M,SMARCC2_M,SND1_M,SNX16_M,SOS2_M,STAT6_M,TLR2_M,TMX2_M,TNFAIP3_M,TNNT1_M,TRIM66_M,TSC22D3_M,VMO1_M,ZBED6_M,ZBTB7B_M,ZFP64_M,ZMYM1_M,ZNF41_M,ZNF653_M,ZNF823_M,AC084871.2_M,KCNE1_M,treatment,patient_id
BIOKEY_16_Pre,145.14761,386.51886,99.95024,593.9051,540.7989,285.86972,1314.8701,1131.745,1553.8528,791.3521,1348.8899,16.267012,253.38939,3100.7961,738.3871,248.96805,326.63644,443.45813,525.27563,559.57825,1502.1101,1445.5472,383.13727,2243.6768,1073.9222,2000.9906,5882.5967,1192.7854,105.98714,0.0,27.83159,3152.3374,4568.2,1292.4607,69.97286,705.4955,457.00925,1172.0747,3450.2366,307.17664,2287.8389,604.98065,532.312,890.655,614.2394,1124.092,2376.7637,42.908173,0.0,318.4899,4508.629,433.54025,2854.6272,71.67211,2441.8284,4529.303,20.79021,104.95845,8.760322,33.286617,12.498774,46.16738,31.217722,1162.5264,410.52026,41.71435,195.21147,49.19124,34.16438,174.76476,117.07236,70.47477,32.0879,361.92288,471.12543,511.83884,99.88913,18.31435,137.26582,356.40216,45.943798,18.36891,25.426348,295.01688,17.34036,12.927384,750.54816,190.17604,471.62735,50.469097,87.04017,358.8538,92.54395,58.392166,69.09222,251.96321,1.8769842,33.33548,92.54357,67.13449,2.2714815,11.938414,23.165958,6.1552052,14.876846,13.477382,938.9605,228.8373,89.72266,39.523506,84.99006,97.94771,16.072235,834.3511,62.010643,46.75184,88.23089,3.4295304,26.45169,35.826412,57.215256,103.8854,39.765064,24.842949,75.57341,81.17537,185.99083,246.85881,49.598835,82.67523,16.024807,53.248173,183.78046,66.67975,75.43548,27.62725,353.59247,21.609365,80.06926,23.442732,56.818256,9.302189,141.71602,76.913895,113.552734,9.82845,41.67918,133.25426,211.0295,45.48553,528.87646,16.045095,5.3403225,287.79996,55.278168,5.571636,31.89174,14.285622,15.575009,16.425257,5.8720093,7.8203464,16.15985,25.026783,0,BIOKEY_16
BIOKEY_16_On,220.96298,155.60034,227.0774,406.623,322.57016,576.4759,1868.7582,817.0093,1773.8451,991.96625,1451.865,305.32745,62.701744,3007.8215,384.15512,435.26416,616.1592,621.97675,855.34344,869.64087,871.8336,732.8406,301.13416,2836.493,924.34875,1904.8234,3304.5938,1628.0145,206.41467,78.53503,53.88414,4382.2666,3368.1807,357.68042,252.65778,1129.1101,608.13306,2053.8994,3995.3738,95.10699,3008.762,276.28464,824.9127,1367.6206,869.2225,483.65283,2744.723,87.84708,3.8534694,110.11135,4298.571,994.8124,4096.065,136.81165,3376.727,2484.6921,8.464995,102.34121,1.4576868,65.00944,8.442359,44.55447,14.164861,1114.232,509.76907,40.782143,216.24126,40.361965,15.708725,226.83707,156.00305,98.48659,25.77623,442.38092,571.0049,639.95447,93.56218,4.0737076,187.3981,174.31287,24.69732,17.479721,29.820898,341.2895,36.51888,20.855137,796.62463,206.72728,496.92764,38.67205,31.183533,417.09158,54.894424,30.578514,63.896122,196.83836,17.451788,39.84299,47.3736,97.73413,4.747841,9.81506,25.939959,3.4997978,5.845222,1.1811223,1029.8939,283.67612,148.37244,42.44454,70.44968,67.385666,15.82298,870.228,41.69047,34.95686,200.70236,1.74623,14.535138,41.47882,42.225826,72.26088,35.73185,22.329985,92.47663,85.07944,220.96454,394.8586,64.610825,121.67233,9.309449,48.814514,205.7613,134.14195,46.76272,43.863686,374.10892,14.984023,162.54085,15.47176,51.71999,3.8920097,114.420685,58.246082,117.592804,3.348412,30.54878,130.34497,215.88835,68.60994,617.14166,17.041191,3.5997694,461.58163,25.019604,5.1670747,40.41226,7.937244,17.44364,9.423413,0.0,1.4457667,72.359856,46.330273,1,BIOKEY_16
BIOKEY_14_Pre,282.017,468.9813,0.0,404.81186,462.00864,248.65332,1969.6627,1085.725,439.8979,547.5314,1376.6819,0.0,535.6125,1340.6698,688.13745,142.81491,0.0,459.80865,611.7027,1211.2632,2290.9612,688.3178,772.26105,1303.7039,1814.8966,1103.8575,7408.167,758.46826,0.0,0.0,0.0,3835.289,4211.525,2224.576,117.758064,679.6651,349.67798,156.25392,1524.5365,485.25613,2689.601,1033.3425,175.54028,396.56628,680.7232,1382.771,2124.2236,0.0,0.0,312.8094,3395.7234,677.50073,2635.104,0.0,1915.8068,6051.4004,50.865913,118.285965,0.0,0.0,18.686546,57.657726,0.0,987.7572,446.57043,20.932404,45.90135,58.51065,128.87798,191.01001,18.686546,80.024536,18.686546,368.2846,530.7703,577.2106,156.17314,16.75762,203.69348,231.49077,20.123692,30.742224,27.214802,473.9673,27.214802,15.245327,582.62036,87.1452,379.77194,51.33035,142.35158,452.97348,88.67232,58.19282,93.28109,278.01178,0.0,31.295847,159.3304,74.95044,25.108593,43.972424,60.028175,16.75762,0.0,30.742224,336.28394,91.86249,112.15239,94.04591,46.792744,86.573906,52.869583,672.73505,47.49984,48.728687,73.05904,0.0,25.654781,15.245327,36.881313,286.86118,70.71248,0.0,15.245327,47.49984,240.71642,300.04102,26.221756,97.40068,0.0,45.232285,259.14728,25.654781,73.78583,0.0,403.11337,32.80814,0.0,25.291107,92.45074,0.0,124.988716,57.262173,131.27832,18.686546,43.977657,206.45146,239.83296,0.0,549.758,60.55276,0.0,358.89847,27.214802,0.0,109.376564,25.291107,15.245327,0.0,0.0,0.0,0.0,57.957027,0,BIOKEY_14
BIOKEY_14_On,425.85977,374.8757,173.15758,0.0,328.0324,610.99304,2672.5017,1045.3457,1148.5785,1112.9717,2546.6238,949.2911,0.0,2879.5378,547.2346,142.24252,999.78284,853.2349,711.7882,1239.6969,1052.4193,83.388756,155.64189,3303.419,1017.7791,945.00165,5957.0674,1238.4474,0.0,0.0,0.0,5044.7407,3935.535,1253.9783,215.43275,1159.369,958.45734,1466.5939,3048.4329,311.87305,3187.2517,372.33124,448.3706,1638.3397,1201.9849,618.69086,2301.436,123.76117,0.0,230.97842,5777.9214,1867.9229,5635.741,97.51956,4861.408,2380.544,34.3628,40.665802,0.0,0.0,16.551146,16.551146,0.0,1172.9529,623.1978,0.0,95.26269,0.0,105.444855,389.3301,108.125206,207.04588,0.0,470.38712,675.6591,740.6286,133.7799,0.0,288.8311,115.04953,0.0,18.805616,0.0,438.06778,56.372604,35.622322,697.4287,245.9692,603.31335,18.805616,0.0,514.46356,79.34244,49.360165,27.448904,222.19841,0.0,85.203766,96.988686,77.56079,0.0,42.04444,42.343258,0.0,0.0,27.448904,844.62646,166.1099,144.04805,50.58716,16.551146,62.469475,15.557185,841.6769,0.0,23.138256,177.90323,0.0,0.0,42.43403,21.803673,168.10509,23.138256,0.0,43.369427,76.44284,233.13765,368.33136,37.36086,148.63547,0.0,26.876842,272.9699,128.25432,39.82146,0.0,515.8093,16.551146,134.18233,0.0,46.990265,0.0,44.941933,0.0,148.68944,0.0,40.403156,135.21077,251.38559,68.54494,694.56415,36.43661,0.0,563.321,0.0,0.0,86.68908,21.803673,0.0,0.0,0.0,0.0,119.04695,103.393974,1,BIOKEY_14
BIOKEY_28_Pre,97.65887,826.59766,242.45087,427.83997,589.47034,452.5072,1080.4596,2211.9756,1567.0148,543.88385,939.54144,0.0,712.58075,2977.5193,616.2699,106.14442,236.63878,381.29553,780.9116,110.31553,2349.7253,1581.3752,488.25418,666.7458,1296.7734,4123.4434,5704.9653,927.8804,11.220606,0.0,0.0,1900.7595,3543.3855,1472.7375,0.0,369.15048,385.5308,1174.5867,3210.3037,842.4486,1887.2487,792.21545,843.6704,715.02655,773.2836,1248.3383,2527.8455,20.433136,0.0,282.9901,3287.8958,365.40793,1210.2982,83.338974,2403.7744,5416.185,51.7591,94.216805,15.095019,67.82511,26.34612,54.98891,25.504156,1190.131,591.18304,26.661987,114.30172,58.936752,22.0866,228.8821,114.91213,73.49939,29.501432,493.83844,590.5674,634.58484,100.39444,15.122077,181.31175,315.13608,26.101067,18.883749,26.704597,249.2821,4.334218,0.0,755.23596,178.11314,485.29932,41.26364,138.7707,359.46426,116.88596,40.01493,69.83237,177.04103,0.0,31.04837,129.917,31.24669,0.0,17.2304,24.995943,15.934051,20.801521,10.465392,767.0735,188.5397,159.13808,62.778263,48.20538,67.320526,33.33302,856.2599,21.464216,25.31459,40.070415,7.186832,53.700912,27.526344,50.65585,147.7197,47.178318,16.042334,40.84126,28.193462,262.92368,333.19772,21.264639,77.71725,17.273958,31.212614,108.15029,0.0,91.94947,13.502354,353.31735,14.652455,7.2820783,31.194042,59.49886,7.509519,146.5064,77.76457,117.20756,4.334218,19.212723,210.4633,114.02431,42.549896,395.9462,85.622246,10.419008,238.66425,30.28034,18.869064,83.64794,6.632622,19.929193,16.238274,22.089607,8.003987,0.0,0.0,0,BIOKEY_28
BIOKEY_28_On,218.4689,273.97125,516.2374,110.89155,443.86847,1166.3494,1439.3931,1912.4481,1851.8657,973.22516,1452.7847,109.06447,286.04965,3748.243,251.08128,289.89496,767.6984,649.37524,1247.7922,423.46588,1044.6289,125.457695,205.29068,1540.4186,680.6759,1879.2491,4929.111,2588.7285,43.027447,88.82187,29.951443,4524.954,2895.885,447.07925,93.80607,1189.2577,333.575,3360.2034,4940.317,256.5181,2825.7861,566.7348,1328.7626,771.8751,1196.8713,526.74615,3448.2595,58.17351,7.4042974,63.953312,5051.3975,453.1634,3932.062,129.78288,4124.5957,2329.8203,11.029617,63.423954,9.406441,65.791405,17.219028,12.35305,19.158375,1273.0348,690.9672,16.155254,151.4908,46.058964,5.813794,309.9135,214.15977,103.260956,14.618959,566.68616,708.7768,812.1666,97.83296,1.1423111,206.68423,126.25192,7.6306496,15.134092,21.59229,367.2635,29.77231,1.9121174,846.2157,267.436,578.69556,25.853933,59.979443,456.5245,91.91098,22.35043,51.981472,157.43677,13.164451,35.21814,33.41968,57.516068,0.72011185,9.847031,12.808477,11.1963,10.435503,6.987815,1342.7286,259.29813,193.59566,23.03398,42.02761,49.48943,11.6498165,1028.4591,15.332273,21.872614,192.48038,4.5107865,16.940647,58.802296,55.124832,104.14204,18.794086,8.508481,66.24824,57.810143,269.74725,356.50656,72.69878,179.25415,5.9456406,36.480183,175.74817,50.46427,44.34661,36.02217,413.50095,7.915162,56.567455,36.46104,37.584503,2.373963,84.105125,40.570717,137.00803,3.7184417,15.8571005,154.82462,147.3532,74.08414,453.0424,74.53516,2.4220939,457.59457,15.753556,6.5600066,27.985737,4.864817,8.556459,5.939598,2.4942036,0.8106054,23.958563,34.421364,1,BIOKEY_28
BIOKEY_15_Pre,263.72733,648.1586,117.59973,513.60785,679.8624,188.18066,1451.3575,2226.6077,1474.7102,537.709,845.9511,13.199756,436.23273,2315.7354,515.55927,167.30167,247.46655,493.30713,1085.0712,565.0249,1830.204,828.874,549.75616,564.7117,2023.6733,3993.2612,5413.3467,1591.0199,75.98603,26.11857,0.0,2400.9387,3221.338,1114.5688,51.646385,500.1875,360.95187,1102.9833,3352.1113,737.51227,1807.7035,778.5118,625.1761,559.7454,691.0884,1019.8279,2379.96,0.0,6.6161513,241.00989,2070.8152,466.12512,967.45105,104.457214,2546.6282,4918.2754,11.742673,80.28247,7.561728,36.002945,12.654197,39.759277,33.676823,1035.804,502.6561,26.438244,144.84422,66.40594,17.867283,224.7456,237.34175,142.02489,34.89211,460.58377,587.2923,629.49445,102.00185,14.5272045,193.02359,175.99448,20.083078,13.001853,28.500237,335.78577,36.971565,4.1251063,773.9731,188.51582,521.68225,32.98455,104.219475,489.20023,52.728146,85.995224,81.80784,170.8051,10.032465,54.689693,70.280495,19.09989,22.582146,32.417435,29.01672,3.194394,7.0578337,21.867332,632.2403,153.84705,121.342514,57.394215,47.349026,65.80422,18.28751,786.61743,56.330986,27.937359,35.91743,3.2207355,16.584915,35.90581,61.802326,90.72071,58.01541,7.0093017,57.30476,72.62717,270.44193,313.83585,42.37005,97.245,18.778778,52.401443,145.36278,17.404562,72.7068,18.331163,336.2561,20.791384,52.313442,43.004856,62.98285,2.5146878,157.89609,66.89028,81.528656,4.296386,25.983685,206.81262,101.083275,60.634666,394.26733,13.411247,12.316,213.03276,43.03322,9.926426,60.431194,8.627186,12.058518,21.619247,4.440584,6.751485,11.60065,1.8265198,0,BIOKEY_15
BIOKEY_15_On,244.98505,288.68732,363.64612,269.96658,449.104,484.43903,1488.1879,1826.7751,1862.6819,762.44666,1516.5118,323.9204,112.66431,3540.2542,431.98148,350.92682,604.75476,632.746,1112.561,965.7563,1349.2009,223.05354,408.97385,1966.0531,1114.2748,2426.0693,4364.034,1938.6228,186.24706,57.422363,21.044989,4992.097,3103.8877,460.74747,273.73322,1523.3502,667.2194,1930.5531,4618.0273,346.47556,3285.4224,230.17293,974.2539,1413.016,1621.5914,739.40375,3253.6597,35.70926,10.107653,86.96539,5435.2803,1295.2523,4106.8525,142.65192,4978.957,2183.3599,8.63566,61.75678,0.0,71.12027,6.970259,26.725176,10.383957,1104.6046,582.8321,14.863098,222.14575,30.505331,16.77162,266.57175,197.97527,192.22997,17.240623,451.66125,611.8668,671.24713,86.18324,0.0,219.77731,141.51566,9.893039,7.855273,3.5899858,477.00784,40.97974,23.414703,811.93146,205.6178,530.8491,19.594143,49.58344,495.7423,63.21219,44.50192,65.17325,155.63817,47.476738,64.7848,34.135418,114.61545,0.0,3.5899858,16.858335,0.0,5.594842,8.316226,922.73694,178.42502,170.8258,23.51083,46.609257,57.43976,5.3854938,881.0059,35.29151,16.25493,309.9856,0.0,0.0,73.84383,45.835094,62.68346,42.594967,0.0,73.93148,85.460434,356.2751,330.37985,69.704544,256.17297,0.0,21.282232,238.25597,73.85294,44.93288,23.974792,388.84186,22.425032,195.73056,0.0,24.502401,0.0,113.514534,54.112213,143.2733,0.0,9.893039,130.64383,191.28784,52.437817,708.6118,0.0,0.0,667.33966,55.303963,0.0,30.811872,8.588449,11.664613,7.52595,0.0,0.0,112.934006,19.024496,1,BIOKEY_15
BIOKEY_12_Pre,286.5727,568.3919,192.23845,461.20633,536.0561,364.28253,1569.7189,1924.6869,1333.5287,554.196,1088.9628,0.0,407.33087,2573.6318,394.75272,165.03722,223.48161,687.7765,744.66516,488.05826,2181.5278,762.935,522.7025,1534.2031,1394.5911,3350.8965,6060.3193,1087.9836,39.58381,15.353198,0.0,2899.8203,4012.9502,1080.8875,92.30706,409.1194,283.88965,876.0916,3419.1497,1000.7564,1411.6599,497.92218,522.1776,876.37085,856.6839,1031.078,2315.528,48.53259,0.0,398.89282,3727.313,486.60834,1518.8186,55.44784,2354.5425,4766.7236,6.5342245,109.21285,19.49981,36.484085,9.91495,69.13399,41.09437,1093.8765,500.44687,44.400116,138.7304,82.623695,13.939743,137.93436,95.66818,65.39814,23.759594,423.2037,483.505,549.69147,121.67703,20.804922,108.35749,296.32996,22.118841,31.329826,27.915434,353.5825,0.0,19.61305,676.197,201.21132,360.26736,46.431473,109.46901,370.17352,105.52595,0.0,88.9141,239.5061,9.430457,48.98866,158.57692,85.60669,45.604324,32.549236,6.9914823,10.2421255,11.561041,20.568295,747.88666,127.52892,119.4626,52.881714,84.786064,60.158504,17.955585,792.1106,47.789692,26.650963,38.859184,7.4626737,27.094774,22.53734,45.238617,123.20814,94.7763,44.289555,69.297966,78.671425,188.83058,332.45987,39.41873,123.04803,18.416433,31.481873,209.9141,75.27643,80.25258,25.549372,284.26978,19.983555,66.65176,19.800056,47.90116,15.876387,155.94823,49.48437,90.36784,19.509188,46.424908,113.0857,124.54741,42.912727,508.77472,9.267061,15.579295,372.84048,70.8347,11.130093,67.42573,9.430457,26.034035,0.0,10.9763,11.919488,0.0,0.0,0,BIOKEY_12
BIOKEY_12_On,399.418,336.54013,452.2601,240.55206,145.33607,758.4463,1817.4878,824.40967,2081.8486,1169.0176,2315.4434,232.49855,45.359016,4186.45,337.25192,592.77075,1144.124,1126.8176,1303.5737,712.8504,994.4645,308.36707,297.21402,2544.4375,1524.5605,1868.2726,3828.2332,1690.1802,160.77705,73.7807,6.7349367,4872.8765,3503.7668,618.1213,121.18029,905.9827,821.8575,2724.2644,4440.354,265.44495,2974.2722,328.5503,1227.6967,1455.9038,1155.9819,487.17728,3813.2234,52.950287,5.190953,95.06909,5275.7334,825.4075,3781.4502,241.00558,4196.3423,2470.281,0.0,75.355,0.0,72.32785,0.0,25.182447,38.033043,1185.7274,576.78253,5.8879704,244.83278,27.274033,0.0,231.44771,208.79636,128.24774,9.0398035,475.29135,632.9392,608.93567,90.21063,8.793733,196.7025,280.03418,0.0,13.511341,19.01238,501.21954,33.013016,24.762833,771.5796,407.1548,506.04047,0.0,60.94181,515.79846,42.29578,9.0398035,44.308876,236.16333,39.490402,86.01801,70.3744,128.61908,25.197966,11.142962,0.0,0.0,0.0,0.0,923.4141,203.23402,179.1996,25.755997,32.360023,45.724262,0.0,793.1016,22.012478,5.996522,182.49048,0.0,0.0,37.459873,21.252321,124.99324,45.734623,37.091614,69.59541,97.82852,269.92752,379.51352,51.93588,239.72577,0.0,17.933819,387.88745,57.202,13.50663,32.398792,346.04028,5.996522,193.97673,0.0,11.884493,7.2765646,93.622635,45.245937,212.69768,5.996522,22.02541,108.66522,254.68788,55.574154,769.41003,0.0,0.0,670.56116,9.972578,0.0,19.503153,0.0,5.6961117,0.0,0.0,0.0,106.6492,68.450905,1,BIOKEY_12
BIOKEY_31_Pre,219.81361,515.85583,435.19592,453.04037,360.95828,389.5212,1250.542,1841.2195,1882.8964,826.19476,1371.3258,0.0,359.0395,3478.1802,529.22046,307.68494,489.06345,540.7899,1030.4667,879.9112,1214.9838,124.030106,402.6433,880.0197,1757.9613,3716.4585,5449.6646,1694.3717,26.254278,0.0,0.0,2153.3865,5159.886,1600.3354,71.92126,624.25085,241.36699,1754.1615,3255.3323,649.09827,2076.364,1433.9468,803.29346,860.62933,733.0423,1214.0308,1741.0995,0.0,0.0,250.80785,1775.9263,690.1031,1921.9729,0.0,2671.4812,5284.4463,25.285786,102.8747,11.155946,24.006784,21.532755,27.858612,28.00378,1060.8147,425.85413,31.170767,101.15063,48.698933,9.721379,266.28348,135.05698,70.73326,15.934754,390.9321,615.18414,707.73254,109.253494,9.921433,216.44582,175.42879,21.066294,9.615825,32.73591,255.72177,32.8198,9.159776,708.8417,208.65726,568.7377,36.8344,89.25936,430.98926,113.49462,61.773724,82.70732,201.23184,6.9254174,29.75403,56.576115,46.007282,34.53155,21.547325,23.428652,16.64648,21.28562,2.3885977,688.8232,234.384,130.70747,51.88808,60.507774,76.088974,16.368204,1000.83636,13.499318,32.7585,75.0387,4.044816,9.4302,38.95277,54.906494,237.43613,39.05452,13.999628,53.487152,67.761055,189.0014,223.63309,48.536556,120.500084,3.22813,49.692688,150.18184,43.27593,84.85071,21.59002,367.8798,11.716794,60.0644,38.246128,42.083294,5.112871,105.92214,62.858818,130.8145,12.162345,24.876772,142.82738,160.74878,20.283287,378.35986,67.24898,12.167684,229.07024,82.03398,9.004055,41.81585,11.381516,20.250027,11.605648,17.97579,9.031115,11.579367,29.226559,0,BIOKEY_31
BIOKEY_31_On,226.9355,150.2641,580.5154,398.96597,395.6239,1182.586,1537.0953,769.83655,2306.077,1253.9863,1827.4763,256.0912,0.0,4437.327,382.37427,625.88763,920.3534,984.2254,1134.0984,1065.6232,903.6868,168.2707,396.99606,1658.6288,802.15753,2363.9749,3824.132,1726.4059,72.43296,67.37437,13.682749,5246.3213,3968.407,483.2531,248.14534,1320.7073,743.8168,3258.0266,4331.658,316.93677,3072.244,233.74495,1116.4928,1329.8158,1302.7803,677.8092,3110.2065,77.563545,6.8223767,113.92844,5276.905,715.9324,4111.8735,97.16632,3289.352,2981.6262,4.6444,91.676445,6.320394,55.61132,10.6107025,16.063534,10.764562,1210.5939,550.681,13.041405,118.54603,48.399696,0.0,252.50426,211.27522,83.744705,3.9780076,497.99234,669.18396,708.8299,108.58058,2.4908917,220.33052,108.63206,5.1061583,8.684274,13.153522,291.4514,52.922077,17.479439,907.349,332.33884,622.3812,30.598557,41.01501,480.70923,55.551163,46.27765,44.935284,146.913,20.554552,58.48996,33.652153,94.71712,8.500424,12.314356,8.0192375,3.295449,0.0,4.1896014,1093.3392,210.28604,154.79381,55.729,36.339535,50.407513,14.84236,1082.1189,17.808296,16.864964,152.1007,2.8646615,7.6349697,50.228928,35.81387,126.59029,20.415857,11.153095,79.65786,70.171646,230.73674,423.30124,109.84917,161.51617,0.0,30.744085,229.09001,61.451298,80.02318,36.87592,456.9385,10.578686,87.26042,15.160084,35.189766,4.970895,102.3484,57.525646,173.28813,10.157557,18.677492,91.042885,229.84164,53.648304,850.4196,24.538208,5.635499,469.67453,27.240261,3.3375206,26.439524,2.7655928,9.380743,7.875804,5.5022635,0.0,42.772106,64.86452,1,BIOKEY_31
BIOKEY_11_Pre,114.05127,536.4817,69.08131,681.5822,1134.1915,190.24013,2115.7632,2174.2205,855.1298,730.41724,750.5606,0.0,747.538,2582.6855,709.0803,47.19569,212.16064,308.77374,900.667,770.4748,1129.6964,389.3705,633.89575,690.35956,1530.9188,2947.033,5407.843,1630.7307,0.0,51.216087,0.0,3316.4602,3945.3838,525.61786,74.96302,305.22675,302.82294,785.316,2731.7488,769.4561,2160.2104,721.53485,630.2914,587.04456,631.1252,1177.4431,2404.7021,23.840618,0.0,201.6575,3401.1646,233.61002,737.58545,128.44077,2122.211,5254.043,15.327748,112.12757,17.035156,31.613003,6.1993175,15.482592,35.9998,1068.5348,604.8081,24.6929,176.31418,42.53521,38.775867,240.04762,141.85649,108.16535,19.029997,510.91577,723.3479,808.37256,101.83544,9.691938,198.30641,250.46967,22.206116,13.627747,50.724243,492.0654,11.6341715,0.0,903.1327,114.91519,622.5113,21.881632,47.87368,574.4251,71.828415,66.547615,57.65273,170.67004,21.106844,19.544683,86.44118,22.457115,28.246836,21.637665,21.15886,39.01905,7.849022,16.463457,703.5803,180.59062,172.66615,70.6793,92.92104,56.189465,9.882211,1092.0518,20.909431,0.0,27.241976,3.652453,6.847321,58.891384,56.926197,127.55132,28.681753,14.613349,26.374298,40.864017,261.92093,364.5198,8.427045,84.606804,8.682471,22.1823,49.62325,31.13491,33.37296,8.6284485,349.19083,6.7942686,99.11432,25.665695,85.17377,3.7991383,83.77737,38.737076,102.3168,6.4312363,24.382402,165.26562,82.56514,51.756927,267.44156,17.413662,15.322317,368.9322,97.48416,7.2505074,63.063118,18.893158,17.811638,12.005137,7.777509,0.0,14.804263,19.013872,0,BIOKEY_11
BIOKEY_11_On,154.49762,167.29066,237.06734,228.70538,652.5262,539.3816,2399.03,1450.9092,1607.4346,1020.45746,1170.294,499.72104,206.13806,3877.2378,307.4615,336.723,1279.6987,467.33194,1322.3326,777.0971,608.36414,92.26879,233.87386,1502.7646,909.79315,2247.9321,3834.7478,2423.1155,76.718254,57.180813,17.25784,5653.976,3517.9119,307.67038,161.75226,1051.749,404.8725,2799.1426,5321.0015,213.29587,3067.743,314.84647,753.4503,1419.5486,1756.1312,549.7819,3657.1663,70.14797,3.0200293,60.821594,5639.7163,703.98615,4570.546,172.25084,4600.4517,3064.9392,0.0,86.46727,0.0,75.581894,0.0,0.0,17.222864,1169.4832,672.13873,0.0,229.00243,17.222864,0.0,397.53473,340.71237,161.13231,0.0,678.2344,775.9297,829.6728,82.84992,0.0,307.7889,65.73572,0.0,0.0,17.222864,566.6251,53.30559,0.0,920.1409,285.0659,759.6237,0.0,40.642612,645.62354,28.087692,34.202324,15.154021,126.3958,26.807423,60.56299,57.91832,35.851284,0.0,0.0,0.0,38.483864,0.0,0.0,1495.8285,210.45369,241.82594,26.807423,63.666992,42.391315,0.0,1152.8358,0.0,0.0,189.45633,0.0,0.0,58.35463,27.954813,79.34929,0.0,0.0,39.298813,102.96262,363.54437,564.9812,90.90417,162.22801,0.0,0.0,59.646698,88.37628,12.80079,18.601543,394.26337,0.0,171.34892,0.0,15.154021,0.0,66.03585,0.0,165.55562,0.0,19.945347,139.39708,205.23582,103.36835,338.662,0.0,0.0,300.42188,33.95213,0.0,0.0,14.006781,0.0,0.0,0.0,0.0,18.601543,27.977657,1,BIOKEY_11
BIOKEY_2_Pre,0.0,907.10876,0.0,814.0058,1014.8007,413.17715,925.6775,1060.76,1793.0833,752.9931,668.0011,0.0,0.0,2922.5054,339.81595,0.0,0.0,670.5976,493.6082,339.81595,578.92365,1203.1019,670.5976,1618.0518,1003.3331,1876.0033,6448.6274,0.0,0.0,0.0,0.0,1866.5592,4428.096,332.57236,0.0,1413.5795,484.98407,380.16504,2577.5227,0.0,1267.2252,1524.1467,0.0,484.98407,380.16504,0.0,974.3712,0.0,0.0,332.57236,3962.634,1143.9817,1733.2894,0.0,1875.3098,6305.9634,18.015337,100.49471,18.636969,2.8523178,31.769108,35.429726,32.719353,1029.2423,499.28937,23.588911,111.47854,38.287186,13.335273,286.3916,86.63919,160.51418,26.32865,401.49115,611.50165,689.203,175.02022,16.59482,201.32776,241.51169,24.45531,10.999115,35.347893,214.50139,22.731104,6.180648,720.91797,171.10951,515.07275,40.900417,34.49353,359.56674,107.17457,169.32574,50.75245,251.79886,8.986527,46.008385,84.84135,25.81539,8.793585,23.17506,17.283522,19.327213,13.54213,17.109592,396.3007,55.961758,126.11395,44.330776,85.77427,68.05924,19.02995,1005.8505,13.416952,10.498661,106.4135,2.5041924,28.54191,31.891764,69.93407,150.58206,66.57848,10.523247,61.108154,14.758044,297.85928,250.57895,29.345133,40.310905,5.801638,48.446648,116.28778,28.312332,88.84025,33.795963,399.41812,10.844453,38.374866,32.366653,59.74837,9.681638,109.11729,72.94723,143.57051,10.405254,32.988323,138.15912,144.39012,63.26934,348.88446,25.820354,5.7235107,265.33774,165.5833,5.6108108,76.68046,15.284102,9.253844,15.010332,12.589859,2.19883,8.681641,9.611531,0,BIOKEY_2
BIOKEY_2_On,150.31331,624.38513,713.3892,282.7809,342.94235,345.5314,2080.8054,937.0215,2818.1094,696.0149,2516.6714,355.841,0.0,2742.8306,261.4717,0.0,331.5165,981.6964,646.7576,727.42773,537.3725,126.04999,129.08334,2582.4553,591.26385,1570.3268,5388.4585,922.5343,0.0,106.63104,0.0,6191.9575,2367.592,240.14044,169.86855,1886.3486,954.25275,986.8593,3691.6514,0.0,2636.0366,572.1231,166.82549,1595.515,777.6887,119.55397,2790.2415,159.02724,0.0,213.55081,6050.39,1554.1737,5115.9375,0.0,4692.285,3515.364,11.441336,44.218258,0.0,16.71143,14.607831,18.351496,16.677456,1098.0242,446.17947,0.0,178.80132,10.161527,10.161527,406.954,185.25084,182.37129,0.0,435.44995,671.53723,811.1661,144.83516,14.419223,220.45815,124.7852,13.167512,0.0,6.9349627,342.12155,21.354187,19.801353,749.2958,377.07495,752.2788,16.677456,0.0,374.75937,45.95232,132.76247,38.254223,235.8455,24.26456,64.51694,56.22024,104.22039,0.0,0.0,0.0,11.858728,0.0,0.0,498.1045,89.83416,110.82748,0.0,59.509506,24.37924,0.0,1165.9042,0.0,6.9349627,192.53035,0.0,0.0,46.344856,55.81193,66.04,45.885715,0.0,107.2617,59.567055,337.11508,470.2769,64.35114,130.76862,0.0,24.283382,219.97957,74.44617,72.19416,63.151768,444.22083,0.0,89.26236,9.926652,42.3111,0.0,95.657364,51.87596,182.13914,0.0,25.052008,109.7774,251.80367,83.534424,463.11047,0.0,0.0,639.5971,107.21573,0.0,49.61203,0.0,0.0,0.0,0.0,0.0,52.324093,10.161527,1,BIOKEY_2
